pid,pname,poly,center,limition,description
0,"Enryakuji, 延暦寺","[[135.83938122, 35.07089939, 0.0], [135.83931684, 35.06990714, 0.0], [135.8381635, 35.06990275, 0.0], [135.83725154, 35.06889731, 0.0], [135.83770216, 35.06867339, 0.0], [135.83776653, 35.06781283, 0.0], [135.83858728, 35.06784357, 0.0], [135.83857656, 35.06856363, 0.0], [135.83952069, 35.0692749, 0.0], [135.84097981, 35.0695515, 0.0], [135.84196687, 35.07001251, 0.0], [135.84242284, 35.07035497, 0.0], [135.84257305, 35.071075, 0.0], [135.84303975, 35.0714438, 0.0], [135.84275544, 35.07211115, 0.0], [135.84134459, 35.07211554, 0.0], [135.83938122, 35.07089939, 0.0]]","[135.84058716273583, 35.069959825]","[[135.84303975, 35.07211554], [135.84303975, 35.06781283], [135.83725154, 35.07211554], [135.83725154, 35.06781283]]",Not matched
1,"Kōzan-ji, 高山寺","[[135.67663014, 35.0612354, 0.0], [135.67775667, 35.0591804, 0.0], [135.67809999, 35.05958438, 0.0], [135.67863911, 35.05982369, 0.0], [135.67896366, 35.06003227, 0.0], [135.67912996, 35.06019913, 0.0], [135.67917556, 35.06033525, 0.0], [135.67795515, 35.06183916, 0.0], [135.67663014, 35.0612354, 0.0]]","[135.67784359726662, 35.060785325]","[[135.67917556, 35.06183916], [135.67917556, 35.0591804], [135.67663014, 35.06183916], [135.67663014, 35.0591804]]","['金堂が本堂の位置に立つ。金堂は鎌倉初期の寝殿風住宅様式で、後鳥羽上皇の賀茂別院を移築したものである。写真真ん中の正面に立って撮影し、簡素な中に優雅さを保ち、きわめて機能的な構造をもっており、生活の知恵の結晶ともいえる住宅建築の傑作であることを表現している。', '高山寺の建物は山の中に点在しておりうっそうとした周囲に建つ素朴な寺はまさに山寺である。写真は建築の特色をとらえ、山々は紅葉の時期には燃えるような真っ赤な色に染まる様子を映した。その角度も写真の構造も完璧だと思われる。', '石水院の廂（ひさし）の間から見える紅葉風景や17枚の正方形の石敷きが並んだ表参道の紅葉。', '同じ高雄エリアにある 神護寺 や 西明寺 も紅葉名所なので合わせて寄ってみる', '高山寺は高山の森の中にある。高くそびえるシイタケの木が、お寺への道を一列に並んでいて、コケの床に直射日光を当てる。高山寺は静かで静かなところです。その雰囲気はその魅力にあります。', '高山寺は京都市右京区栂尾にある古刹である。創建は奈良時代に遡るともいわれ、その後、神護寺の別院であったのが、建永元年明恵上人が後鳥羽上皇よりその寺域を賜り、名を高山寺として再興した。']"
2,"Jingo-ji, 神護寺","[[135.66903412, 35.05559719, 0.0], [135.66807389, 35.05370891, 0.0], [135.66913605, 35.05342786, 0.0], [135.67153394, 35.05459597, 0.0], [135.67167342, 35.05540836, 0.0], [135.66903412, 35.05559719, 0.0]]","[135.66946144914215, 35.054152439999996]","[[135.67167342, 35.05559719], [135.67167342, 35.05342786], [135.66807389, 35.05559719], [135.66807389, 35.05342786]]","['日本の伝統的な紅葉の名所で、古刹の隣にある二本の大きな楓の木はもう長い年月が経ちました。木の形がとても優雅です。普段は観光客が多くなくて静かです。紅葉の時期になると地元の人がここに来て紅葉狩をします。', '金堂に安置される本尊は薬師三尊である。 \u3000鎌倉時代の末に編纂された『神護寺略記』に引用されている『弘仁資財帳』に「薬師仏像一躯\u3000脇士菩薩像二躯」とあるのがこの三尊に当たると思われる。', '寺の建物がはっきり写っています', '神護寺は日本の有名な賞紅葉山寺で、清潼川渓谷から急峻な石段を登って約20分で神護寺の入り口の楼門に着きます。山道は急ですが、階段の幅はまだ広くて、景色も美しいです。楓の美しい姿と伝統茶亭があります。', '神護寺、真言宗学校の有名なお寺は、781年に建てられた観光客がお寺に行くと粘土を捨ててカワラッキを持って山谷に入ることができます。ここには平安時代と鎌倉時代の大量の彫像、絵画、作品が収蔵されています。美しい秋の葉を見るのにも人気のスポットです。809年から14年間、日本真言宗仏教の創始者である工房大史はこの寺の住職です。時間が経つにつれて、このお寺は年をとると潰れてしまいましたが、牧師文昌寺の平安時代に再建されました。', '寺の周りの景色も見えます、紅葉が綺麗です']"
3,"Otagi Nenbutsu-ji, 愛宕念仏寺","[[135.66063881, 35.03148547, 0.0], [135.66102505, 35.03060036, 0.0], [135.66180825, 35.03079803, 0.0], [135.66176534, 35.030932, 0.0], [135.6616044, 35.03121752, 0.0], [135.6613791, 35.03166776, 0.0], [135.66063881, 35.03148547, 0.0]]","[135.66125145181684, 35.031074759999996]","[[135.66180825, 35.03166776], [135.66180825, 35.03060036], [135.66063881, 35.03166776], [135.66063881, 35.03060036]]",Not matched
4,"Adashino Nenbutsu-ji, 化野念仏寺","[[135.66456288, 35.02721796, 0.0], [135.66433489, 35.02700491, 0.0], [135.66425443, 35.02629107, 0.0], [135.66437513, 35.02610218, 0.0], [135.66479355, 35.02622738, 0.0], [135.66501349, 35.02610657, 0.0], [135.66529244, 35.02607582, 0.0], [135.66593349, 35.02680284, 0.0], [135.66551238, 35.02698734, 0.0], [135.66456288, 35.02721796, 0.0]]","[135.66499556763404, 35.026546955]","[[135.66593349, 35.02721796], [135.66593349, 35.02607582], [135.66425443, 35.02721796], [135.66425443, 35.02607582]]",Not matched
5,"Giouji Temple, 祇王寺","[[135.66666, 35.0237, 0.0], [135.6667, 35.02344, 0.0], [135.66681, 35.02329, 0.0], [135.66708, 35.02336, 0.0], [135.66732, 35.02336, 0.0], [135.66734, 35.02353, 0.0], [135.66727, 35.02377, 0.0]]","[135.6669941426282, 35.023615]","[[135.66734, 35.02377], [135.66734, 35.02329], [135.66666, 35.02377], [135.66666, 35.02329]]","['カエデと竹の森に囲まれた、神秘的で手付かずの曹操尼僧。 非常にきれいな。', '祇王寺は小ぢんまりとしていて、一庵一庭、寺のどこに立っていても、その方の小天地を眼に入れている。嵐山の深いところは余計に湿って寒いので、苔の生長にはいいかもしれない。小さな動物の毛のように、ふさふさした苔は癒しの力を持っている。', '赤葉が楽しめる小さなお寺でもあります。 非常に美しい。', '寺の中は緑が積層して、緑はあなたを吸い込むようで、かわらで覆われた小さい亭子の上にも毛のふさふさした苔が生えて、庭は小さいですが、一歩ごとに収蔵することに値する光景、この図はこの観光地の特色をよく見ることができます']"
6,"Seiryō-ji, 清涼寺","[[135.67313254, 35.02455148, 0.0], [135.67368239, 35.02314353, 0.0], [135.67365289, 35.02310179, 0.0], [135.67388892, 35.02253729, 0.0], [135.67401499, 35.02248677, 0.0], [135.67520589, 35.02278769, 0.0], [135.6751442, 35.02306665, 0.0], [135.67550629, 35.02370803, 0.0], [135.6752032, 35.02414074, 0.0], [135.67489743, 35.02451195, 0.0], [135.67439854, 35.02430328, 0.0], [135.67438781, 35.02419785, 0.0], [135.67391574, 35.02425715, 0.0], [135.67373067, 35.02449437, 0.0], [135.6736207, 35.02458882, 0.0], [135.67347586, 35.02464593, 0.0], [135.67313254, 35.02455148, 0.0]]","[135.674459554243, 35.02342578]","[[135.67550629, 35.02464593], [135.67550629, 35.02248677], [135.67313254, 35.02464593], [135.67313254, 35.02248677]]","['清凉寺灵宝馆 收藏清凉寺的寺宝。收藏着在国宝释迦如来像的胎内发现的丝绸制成的五脏六腑。国宝释迦三尊像据说是光源氏的原型。', '京都にも、清涼寺の桜もとても綺麗で、有名である。', '清涼寺霊宝館 清涼寺の寺宝を所蔵。国宝の釈迦如来像の胎内で発見された絹織物の五臓六腑が収蔵されている。国宝の釈迦三尊像は光源氏のモデルと言われている。', '清涼寺 本尊の国宝である釈迦如来像は、若い頃のお釈迦様の姿を彫刻したものといわれ、嵯峨釈迦堂の名で浄土宗の寺にちなむ。', '庭園の中央に「弁天堂」、江戸時代後期の建築だそうです。屋根は宝形造。', '清凉寺 作为本尊的国宝的释迦如来像，据说是雕刻了年轻时的释迦的身姿，一般以嵯峨释迦堂的名字和净土宗的寺相关。', '近く西の方に寺がよくある', '本堂に戻り、濡縁から眺める「阿弥陀堂」。', '評判は4があって、行く価値がある。', 'この寺は中国と非常な関係がある。奝然上人（ちょうねんしょうにん）が宋から持ち帰った釈迦如来立像を、弟子の盛算（じょうさん）がこの地に清涼寺を建立してこの像を安置した。この像があまりにも有名な国宝の清涼寺型の釈迦如来立像である。これはこの寺の基本とも言える。']"
7,"Nison-in Temple, 二尊院","[[135.66699028, 35.02184757, 0.0], [135.66719949, 35.02056478, 0.0], [135.66847086, 35.02060871, 0.0], [135.66825628, 35.02190908, 0.0], [135.66699028, 35.02184757, 0.0]]","[135.66772997387756, 35.02122814]","[[135.66847086, 35.02190908], [135.66847086, 35.02056478], [135.66699028, 35.02190908], [135.66699028, 35.02056478]]",Not matched
8,"Jōjakkō-ji Temple, 常寂光寺","[[135.66839039, 35.02006396, 0.0], [135.66760451, 35.01969273, 0.0], [135.66762328, 35.01926878, 0.0], [135.66874444, 35.01898981, 0.0], [135.66986829, 35.01923144, 0.0], [135.66978514, 35.01961146, 0.0], [135.66972077, 35.01972568, 0.0], [135.66962689, 35.01982233, 0.0], [135.669128, 35.0199717, 0.0], [135.66903949, 35.02006615, 0.0], [135.66891611, 35.02011448, 0.0], [135.66877663, 35.02011667, 0.0], [135.66855669, 35.02005737, 0.0], [135.66839039, 35.02006396, 0.0]]","[135.6687191620009, 35.01944012]","[[135.66986829, 35.02011667], [135.66986829, 35.01898981], [135.66760451, 35.02011667], [135.66760451, 35.01898981]]","['夜は紅葉も綺麗です。', '境内の苔が美しい', '緑の中に山門。緑の濃淡が美しすぎました。最高の色', '緑の中に山門。緑の濃淡が美しすぎました。最高の色', '上空から撮影された紅葉の中の常寂光寺です。', '紅葉の名所として知られる小倉山の中腹に寺域を占める日蓮宗の寺院。', 'は最も古く、禅のような名前であり、このような厳粛で神聖な場所でこのような暖かくて素敵な場所を見ることはめったにありません。頭に紅葉が乗ってるん可愛い、', '一枚目と違って、春の景色です。季節の違う写真で観光地の美しさを表現します。', 'は最も古く、禅のような名前であり、このような厳粛で神聖な場所でこのような暖かくて素敵な場所を見ることはめったにありません。頭に紅葉が乗ってるん可愛い、', '重要文化財の多宝塔']"
9,"Torokko Arashiyama Station, トロッコ嵐山駅","[[135.6703189, 35.01738187, 0.0], [135.67013115, 35.01721492, 0.0], [135.67015797, 35.01698866, 0.0], [135.67057371, 35.01711607, 0.0], [135.67051202, 35.01738846, 0.0], [135.6703189, 35.01738187, 0.0]]","[135.67034976251927, 35.017165495]","[[135.67057371, 35.01738846], [135.67057371, 35.01698866], [135.67013115, 35.01738846], [135.67013115, 35.01698866]]","['四季折々の美しい景色をご案内します。', '嵯峨野のトロック列車は保津峡を走る観光専用の列車です。観光列車の出発点は嵯峨駅で、終点は亀岡で、運行キロは73キロで、往復は1時間で、列車は毎日8回往復します。', '嵐山の風情にとけこむように佇むのがトロッコ嵐山駅の全貌を撮影したものである。駅の入口は古式の木造建築で簡易に見えているが、キラシックーな雰囲気に満ち溢れている。そして、駅の設備が古いが、よく整備していおり、おもてなしの心を大切にしていることが分かった。ロケ地としても有名な竹林の小径の姿も見えている。', 'この写真はトロッコ嵐山駅を撮影したものである。綺麗なホームの様子が映されただけでなく、駅に到着したトロッコ列車の姿も撮られた。外から、車内には暖かみのある木材の椅子が並んでいる様子も見られ、どこか懐かしさを人に訴えようとしているようだ。', '嵐山観光最大の目玉・トロッコ列車]嵯峨野観光線DE10形ディーゼルカー発車風景', '小さい列車は保津川に沿って走って、両岸の青い山は青々としていて、峡谷の下の保津川の激流は流れが速くて、途中で景色を変えて、観光客は車窓を通して保津峡と保津川の美しい自然景色を鑑賞することができて、1回の情趣があります。 景色のいいところや重要な観光スポットでは列車が減速して走ります。乗客がゆっくりと周りの美しい景色を眺めます。']"
10,"Tenryū-ji, 天龍寺","[[135.6721133, 35.01721492, 0.0], [135.67163855, 35.01678876, 0.0], [135.67240834, 35.01581782, 0.0], [135.67278653, 35.01497428, 0.0], [135.67299575, 35.01426253, 0.0], [135.67338735, 35.01422739, 0.0], [135.6735912, 35.01396597, 0.0], [135.67410618, 35.01392863, 0.0], [135.67426443, 35.01495231, 0.0], [135.67431539, 35.01501602, 0.0], [135.67450851, 35.01511267, 0.0], [135.67456216, 35.01518517, 0.0], [135.67456484, 35.01544438, 0.0], [135.67546606, 35.01542461, 0.0], [135.67629486, 35.01547074, 0.0], [135.676952, 35.01565526, 0.0], [135.67707807, 35.01574094, 0.0], [135.676893, 35.01638896, 0.0], [135.67666501, 35.01635382, 0.0], [135.67663282, 35.01644828, 0.0], [135.67652017, 35.01644388, 0.0], [135.67629486, 35.01711826, 0.0], [135.67521393, 35.01698866, 0.0], [135.67511737, 35.01731157, 0.0], [135.67453802, 35.01719515, 0.0], [135.67439586, 35.01756639, 0.0], [135.67419201, 35.01754442, 0.0], [135.67406863, 35.01757517, 0.0], [135.67373335, 35.01760153, 0.0], [135.67300647, 35.01748072, 0.0], [135.67223668, 35.01726984, 0.0], [135.6721133, 35.01721492, 0.0]]","[135.67474633293457, 35.01577938]","[[135.67707807, 35.01760153], [135.67707807, 35.01392863], [135.67163855, 35.01760153], [135.67163855, 35.01392863]]","['天龍寺の建物も見えます、紅葉もとても綺麗です', 'これは天龍寺のお寺のクローズアップです。', '魅力的な紅葉。', '建物の中から外の景色が写る', '写真は天龍寺のロケで、植物は太陽の光に満ちています。', '冬季', '緑の丘と水と空。 完璧な設定です。', '秋季', '秋に紅葉を見たいなら、天竜寺に行くのが賢明です。穏やかな湖面に色とりどりの紅葉が配されて、心身ともに快適になります。', '冬の天竜寺は、名所旧跡だけでなく、絵のように美しい冬の風景も楽しめます。']"
11,"Arashiyama Monkey Park Iwatayama, 嵐山モンキーパーク","[[135.67643, 35.0116, 0.0], [135.67372, 35.00974, 0.0], [135.67347, 35.00855, 0.0], [135.67428, 35.0081, 0.0], [135.67591, 35.00813, 0.0], [135.67638, 35.00987, 0.0], [135.67678, 35.01028, 0.0], [135.67682, 35.0107, 0.0], [135.67678, 35.01109, 0.0], [135.67685, 35.01149, 0.0]]","[135.67508857341488, 35.009805]","[[135.67685, 35.0116], [135.67685, 35.0081], [135.67347, 35.0116], [135.67347, 35.0081]]","['紅葉もキレイに色付いてきてます！風で散っていく様子もキレイですね', 'お猿さんと一緒に遊べます。', '美しい景色、大自然の雰囲気があります。', '猿は嵐山モンキーパークの代表的な動物です。', '山頂の広場から京都市内の景色が見える', '嵐山モンキーパークは紅葉で有名です。', '仲良しな赤茶の姿は可愛すぎます', 'サルにエサをあげることができる']"
12,"Hōrin-ji, 法輪寺","[[135.67721486, 35.01114089, 0.0], [135.67678303, 35.01106839, 0.0], [135.67682058, 35.01084212, 0.0], [135.67689031, 35.0107125, 0.0], [135.67686349, 35.01036979, 0.0], [135.67679912, 35.0100886, 0.0], [135.67669719, 35.00997216, 0.0], [135.6774348, 35.00928014, 0.0], [135.67793906, 35.00947347, 0.0], [135.67771912, 35.00995019, 0.0], [135.6774509, 35.01085749, 0.0], [135.67721486, 35.01114089, 0.0]]","[135.6772339721599, 35.010229195]","[[135.67793906, 35.01114089], [135.67793906, 35.00928014], [135.67669719, 35.01114089], [135.67669719, 35.00928014]]","['何が毎週の花手水が違うので、来週がどんなになった、見にみたいな', '凄い御朱印ですね、僕も欲しい', '法輪寺の本堂が見えます。', '真言宗の古寺', '石段から本堂までの右側には撫で羊がいます。', '世界遺産']"
13,"Arashiyama Bamboo Forest, 竹林の小径","[[135.67029, 35.01671, 0.0], [135.6705, 35.01636, 0.0], [135.67213, 35.01701, 0.0], [135.67263, 35.01727, 0.0], [135.67429, 35.01754, 0.0], [135.6745, 35.01709, 0.0], [135.6756, 35.01722, 0.0], [135.67658, 35.01741, 0.0], [135.67647, 35.01777, 0.0], [135.67473, 35.01747, 0.0], [135.6745, 35.01784, 0.0], [135.67409, 35.01788, 0.0], [135.67324, 35.01768, 0.0], [135.67241, 35.01749, 0.0]]","[135.67195416666667, 35.017155]","[[135.67658, 35.01788], [135.67658, 35.01636], [135.67029, 35.01788], [135.67029, 35.01636]]","['この写真は被写界深度があり、竹林の広がりと自然の神秘を際立たせています。', '青々とした竹林の中を通る日差しは、人里離れた環境と暖かさを与えてくれます。 ここにいると、都会の喧騒を忘れてしまいます。', '竹子', '夜の竹林は更に青々としていて、人にもっとリラックスさせて、街灯があって、今の夜の審美にもっと近いです。', '青々とした竹林の中を通る日差しは、人里離れた環境と暖かさを与えてくれます。 ここにいると、都会の喧騒を忘れてしまいます。', '両側は竹林で、真ん中は小道で、テーマにぴったりです。', 'この写真は被写界深度があり、竹林の広がりと自然の神秘を際立たせています。', '約400mの竹林散策遊歩道', '嵐山の竹林の道は、嵐山の有名な観光地でもあり、「芸妓さんの回想録」の撮影シーンでもあり、両側には立派な竹林が生い茂っている', '12月ライトアップイベント「嵐山花灯路」を開催して、夜の竹林を楽しめる', '标识', ' この閑静な竹林に身を置く時、必ず「独坐幽篁里」の山林幽居情趣をよく体得しなければならない']"
14,"Kameyama Park, 嵐山公園 亀山地区","[[135.66971, 35.01579, 0.0], [135.66942, 35.01544, 0.0], [135.67034, 35.01418, 0.0], [135.67172, 35.01342, 0.0], [135.67298, 35.01324, 0.0], [135.67285, 35.01368, 0.0], [135.67276, 35.01408, 0.0], [135.67275, 35.01491, 0.0], [135.67213, 35.01604, 0.0], [135.67081, 35.01597, 0.0]]","[135.67141394482695, 35.014545]","[[135.67298, 35.01604], [135.67298, 35.01324], [135.66942, 35.01604], [135.66942, 35.01324]]","['秋季，岚山著名景点观月桥', '嵐山公園 亀山地区 紅葉\u3000保津峡と嵐山の秋の絶景', '秋季，岚山的著名景点观月桥', '嵐山公園 亀山地区 紅葉\u3000保津峡と嵐山の秋の絶景']"
15,"Ōkōchi Sansō, 大河内山荘庭園","[[135.66859, 35.01701, 0.0], [135.66948, 35.01588, 0.0], [135.67039, 35.01629, 0.0], [135.66955, 35.0174, 0.0]]","[135.6694955536953, 35.01665]","[[135.67039, 35.0174], [135.67039, 35.01588], [135.66859, 35.0174], [135.66859, 35.01588]]","['庭と周りの自然の風景は嵐山、比叡山、保津川がよく調和しています。一歩ごとに素晴らしい風景画が描かれています。大河内山荘庭園という風景の中で抹茶を飲みながらお菓子を食べていると、山林に帰るような感じがします。ここは大河内山荘庭園の紅葉が一番多いところです。秋にここに旅行に行くのが一番いいです。', '古い庭、山荘庭園の代表的な建築物', '山荘庭園の観覧席は有名な場所', '景色が綺麗に写っています', '竹に包まれ、とても雰囲気があります']"
16,"Togetsu-kyō Bridge, 渡月橋","[[135.67638, 35.01338, 0.0], [135.6766, 35.01211, 0.0], [135.67719, 35.01218, 0.0], [135.67774, 35.01223, 0.0], [135.67833, 35.01241, 0.0], [135.67953, 35.01256, 0.0], [135.67928, 35.01355, 0.0], [135.67855, 35.01351, 0.0], [135.67796, 35.01348, 0.0], [135.67792, 35.01356, 0.0], [135.67754, 35.01352, 0.0], [135.67715, 35.01348, 0.0]]","[135.67793874413425, 35.012969999999996]","[[135.67953, 35.01356], [135.67953, 35.01211], [135.67638, 35.01356], [135.67638, 35.01211]]","['桂川', '紅葉', '首都西部郊外の桜や紅葉の景勝地', '紅葉', '桂川', 'とても美しい景勝地で、ピークシーズンには素晴らしい桜や紅葉が見られ、景色も気持ちいいです。']"
17,"Arashiyama Park Nakanoshima Area, 嵐山公園 中之島地区","[[135.67656, 35.01205, 0.0], [135.67663, 35.01196, 0.0], [135.67739, 35.01155, 0.0], [135.67783, 35.01148, 0.0], [135.67827, 35.01148, 0.0], [135.67902, 35.01166, 0.0], [135.68036, 35.01221, 0.0], [135.68071, 35.01243, 0.0], [135.6807, 35.01248, 0.0], [135.68057, 35.01257, 0.0], [135.67944, 35.01252, 0.0], [135.6789, 35.01243, 0.0], [135.67861, 35.01239, 0.0], [135.67834, 35.01239, 0.0], [135.67829, 35.01232, 0.0], [135.67794, 35.01225, 0.0], [135.67748, 35.01216, 0.0]]","[135.67822777272727, 35.012005]","[[135.68071, 35.01257], [135.68071, 35.01148], [135.67656, 35.01257], [135.67656, 35.01148]]","['澄んだ川の水は山の雰囲気に満ちています。 春に行くのにとても適しています。', '标识', '春はサクラ、秋はモミジの名所として、古くは平安時代から絶好の景勝地として親しまれてきた嵐山。間近に望む緑の山肌と川の流れ、渡月橋の優美な姿が調和した景観は、いまも全国の人々に愛されています。', '桜が綺麗に咲いています、景色も写っています', '水辺から湖の景色や、ボートを乗っている人々も写っています', '船', '船に乗って川を走り、体験がすばらしいです。']"
18,"Houkyō-in Temple, 宝筐院","[[135.67304, 35.02257, 0.0], [135.67323, 35.02216, 0.0], [135.67387, 35.02235, 0.0], [135.6737, 35.02276, 0.0]]","[135.67345768292682, 35.02246]","[[135.67387, 35.02276], [135.67387, 35.02216], [135.67304, 35.02276], [135.67304, 35.02216]]",Not matched
19,"Daikaku-ji, 大覚寺","[[135.67727655, 35.02894432, 0.0], [135.67726314, 35.02868515, 0.0], [135.6774348, 35.02730143, 0.0], [135.67825019, 35.02740246, 0.0], [135.67911923, 35.02743541, 0.0], [135.6791836, 35.02735194, 0.0], [135.68053275, 35.02723553, 0.0], [135.6809029, 35.0275013, 0.0], [135.68128645, 35.02770556, 0.0], [135.68150371, 35.02794497, 0.0], [135.68177998, 35.02869174, 0.0], [135.68169147, 35.02965154, 0.0], [135.68154663, 35.03001394, 0.0], [135.68131059, 35.03006885, 0.0], [135.67975223, 35.03002712, 0.0], [135.67976832, 35.02936163, 0.0], [135.67880273, 35.02926938, 0.0], [135.67885637, 35.02898385, 0.0], [135.67727655, 35.02894432, 0.0]]","[135.67947483910922, 35.02831506]","[[135.68177998, 35.03006885], [135.68177998, 35.02723553], [135.67726314, 35.03006885], [135.67726314, 35.02723553]]","['大沢池', '春夏秋冬の大覚寺の違う景色', '秋の景色でお寺の周りの花や木や川の美しさを表現します。', '緑の木と緑の山の緑の水が寺院を引き立たせるのは自然と歴史が共に現れる美しさです。', '大覚寺の全面図、観光客にもっと良い計画の参拝ルートを譲ります。', 'もみじロード']"
20,"Arashiyama Station, 嵐山駅前","[[135.67581, 35.01948, 0.0], [135.67665, 35.01733, 0.0], [135.67712, 35.01562, 0.0], [135.67564, 35.01529, 0.0], [135.67484, 35.01515, 0.0], [135.67444, 35.01471, 0.0], [135.67426, 35.0145, 0.0], [135.67405, 35.01334, 0.0], [135.67531, 35.01329, 0.0], [135.68006, 35.01369, 0.0], [135.67905, 35.01617, 0.0], [135.67891, 35.01701, 0.0], [135.67772, 35.01978, 0.0]]","[135.67791669590645, 35.01659]","[[135.68006, 35.01978], [135.68006, 35.01329], [135.67405, 35.01978], [135.67405, 35.01329]]","['外部', '桜や紅葉で有名な嵐山が大堰川に映っている。川の流れは止まらず、川を渡っているのが渡月橋である。この橋は数百年の歴史があり、何度も壊れて建設され、現在の渡月橋は昭和9年(1934年)に完成してから80年以上経っています。保津川には154メートルの渡月橋が架かっており、嵐山のシンボルとなっている。', '内部', '嵐山駅前最具代表性的灯柱', '市の北西、丹波高地の東縁に位置し、「京都第一の名所」と呼ばれている。山の高さは375 m。北東に嵯峨野、東に大沢、広沢、宇多野と接し、西には小倉山が流れている。その上流の保津川は峡谷が深く、流れが急で景色が変わっている。', '代表的で温泉もある嵐山駅の出口です。 余暇の後に温泉につかるのは良い選択です', '対応する季節、とても美しい対応する季節、とても美しい嵐山駅に桜が見られま駅に桜が見られます。']"
21,"Rokuo-in Temple, 鹿王院","[[135.68388015, 35.01660424, 0.0], [135.68402767, 35.01526864, 0.0], [135.68482429, 35.01527962, 0.0], [135.68482697, 35.01612536, 0.0], [135.68500131, 35.01613195, 0.0], [135.685004, 35.01701282, 0.0], [135.68450511, 35.01703259, 0.0], [135.68422347, 35.01701502, 0.0], [135.68395257, 35.0169601, 0.0], [135.68401426, 35.01663499, 0.0], [135.68388015, 35.01660424, 0.0]]","[135.68445413194075, 35.016368095000004]","[[135.685004, 35.01703259], [135.685004, 35.01526864], [135.68388015, 35.01703259], [135.68388015, 35.01526864]]","['鹿王院は嵯峨北堀町にある臨済宗派の寺院で、山号覚雄山と呼ばれています。金色の展示館、花園と周りの自然風景は全部綺麗です。', '歴史庭園', '古いお寺を夜景の明かりで飾っているのは歴史を融合させた光景です。', '京の観光スポット。新緑の季節になると、緑の紅葉の木に彩られた山道が、京随一の美しさを誇る。また、庭園部分は日本国内最初の平庭式枯山水庭園で、名所に指定されています。', '展開する紅葉', '秋景で境内の林間の小道を飾って、人をその中に溶け込ませます。']"
22,"Kurumazaki-Jinja Shrine, 車折神社","[[135.68843186, 35.01618687, 0.0], [135.68842918, 35.01610779, 0.0], [135.68875909, 35.01604848, 0.0], [135.68877786, 35.01527084, 0.0], [135.68891466, 35.01526205, 0.0], [135.68892539, 35.01495231, 0.0], [135.6893599, 35.01495012, 0.0], [135.68942159, 35.01661742, 0.0], [135.68884492, 35.01666355, 0.0], [135.68877786, 35.01621543, 0.0], [135.68843186, 35.01618687, 0.0]]","[135.6890773139687, 35.01565966]","[[135.68942159, 35.01666355], [135.68942159, 35.01495012], [135.68842918, 35.01666355], [135.68842918, 35.01495012]]","['素敵な桜と青空', '車折神社の門', '芸能人のパワースポットとして有名', '芸能人達出会いがな', '車折石', 'この「清めの社」を待ち受けにすると運気が上がるともいわれています。']"
23,"Toei Kyoto Studio Park, 太秦映画村","[[135.70729047, 35.01699086, 0.0], [135.70762038, 35.01561572, 0.0], [135.70826143, 35.01563549, 0.0], [135.70826143, 35.01533674, 0.0], [135.70857793, 35.01534553, 0.0], [135.70858598, 35.01527084, 0.0], [135.70900172, 35.01526425, 0.0], [135.70899904, 35.01545976, 0.0], [135.70894539, 35.01545536, 0.0], [135.70895076, 35.01557179, 0.0], [135.70924312, 35.01560474, 0.0], [135.70920289, 35.0159013, 0.0], [135.7092002, 35.01674483, 0.0], [135.70912242, 35.01728302, 0.0], [135.70729047, 35.01699086, 0.0]]","[135.7083261128887, 35.016323065]","[[135.70924312, 35.01728302], [135.70924312, 35.01526425], [135.70729047, 35.01728302], [135.70729047, 35.01526425]]","['江戸川時代や明治時代の街道、武家屋敷、日本橋、吉原の花街などのセットが設けられているほか、日本の映画の歴史や文化を紹介する「映画文化館」、特技の撮影手法を解説する「ロケスタジオ」、塾の形で江戸前時代の生活を解説する「寺子屋」、来場者が時代劇の人物に扮する「寺子屋」なども紹介されています。芸者、侍の「おしゃれ館」。会場では定期的に時代劇の殺陣ショーが行われ、時代劇の上映時には握手会や映画の衣装、道具の展示などの宣伝活動も行われる。また、東映の時代劇の主な撮影場所であり、観光客や時代劇の実際の撮影場面に遭遇する機会があります。', '東映太秦映画村は京都市右京区太秦東峰岡町10にあり、嵐山に隣接し、映画をテーマにしたテーマパークであり、東映の時代劇の撮影場所でもある。']"
24,"Kōryū-ji, 広隆寺","[[135.70652604, 35.01579366, 0.0], [135.70636511, 35.01458106, 0.0], [135.70771426, 35.01462939, 0.0], [135.70759892, 35.01540704, 0.0], [135.70747554, 35.0158288, 0.0], [135.70652604, 35.01579366, 0.0]]","[135.70703985847524, 35.015018215]","[[135.70771426, 35.0158288], [135.70771426, 35.01458106], [135.70636511, 35.0158288], [135.70636511, 35.01458106]]","['もっと直観的で、もっと荘重に見えます。', '単独のところは神秘的な色が少し増えます。', '上宮王院', '紅葉の風景', '紅葉の風景', '講堂', '桜の名所', '桜の名所']"
25,"Daisenji Temple, 大仙寺","[[135.69865, 35.02774, 0.0], [135.69856, 35.0274, 0.0], [135.69933, 35.02732, 0.0], [135.6996, 35.02737, 0.0], [135.69953, 35.0277, 0.0]]","[135.69908076203208, 35.027550000000005]","[[135.6996, 35.02774], [135.6996, 35.02732], [135.69856, 35.02774], [135.69856, 35.02732]]",Not matched
26,"Ninna-ji, 仁和寺","[[135.71254492, 35.03129878, 0.0], [135.71271122, 35.03089466, 0.0], [135.71296602, 35.02973501, 0.0], [135.71246445, 35.0297394, 0.0], [135.71249396, 35.02935723, 0.0], [135.71245641, 35.02935504, 0.0], [135.71247786, 35.02812947, 0.0], [135.7139504, 35.02812507, 0.0], [135.71558386, 35.02832275, 0.0], [135.71548194, 35.0290146, 0.0], [135.71519762, 35.03064868, 0.0], [135.71478188, 35.03132953, 0.0], [135.71466655, 35.03140201, 0.0], [135.71264952, 35.03137126, 0.0], [135.71254492, 35.03129878, 0.0]]","[135.71407094292735, 35.03019404]","[[135.71558386, 35.03140201], [135.71558386, 35.02812507], [135.71245641, 35.03140201], [135.71245641, 35.02812507]]","['御影堂', '春天', '仁和寺の観光客は少ないです。冬にここに来て桜を鑑賞するのもとても快適です。庭はとても上品で、ここに座ってお茶を飲んで、桜を鑑賞しています。とても快適です。', '御室88ヶ所霊場', '御影堂', '夜景の形で寺塔の雄大さを先送りします。', '仁和寺の観光客は少ないです。冬にここに来て桜を鑑賞するのもとても快適です。庭はとても上品で、ここに座ってお茶を飲んで、桜を鑑賞しています。とても快適です。', '仁和寺は京の世界文化遺産です。夏はここが緑になり、庭に座って休んでいると自然が与えた静けさを感じられます。視界が広く、世間の憂さを忘れることができます。', '中から外にかけて庭の美しい景色が現れ、色彩が鮮やかである。', '仁和寺は歴史的な雰囲気の強い玄関口です。', '仁和寺は京の世界文化遺産です。夏はここが緑になり、庭に座って休んでいると自然が与えた静けさを感じられます。視界が広く、世間の憂さを忘れることができます。', '正面', '唐の8つの家に入ると、中国人観光客にとても魅力的です。', '御室88ヶ所霊場']"
27,"Fukuōji-jinja Shrine, 福王子神社","[[135.70878, 35.02915, 0.0], [135.70889, 35.02893, 0.0], [135.70903, 35.02886, 0.0], [135.70914, 35.02883, 0.0], [135.70918, 35.02914, 0.0], [135.70908, 35.02915, 0.0], [135.70898, 35.02917, 0.0]]","[135.70900197580644, 35.029035]","[[135.70918, 35.02917], [135.70918, 35.02883], [135.70878, 35.02917], [135.70878, 35.02883]]",Not matched
28,"Ryōan-ji, 龍安寺","[[135.71626782, 35.03447676, 0.0], [135.71620882, 35.03401995, 0.0], [135.71655214, 35.0332908, 0.0], [135.71702957, 35.03268024, 0.0], [135.71770012, 35.03257043, 0.0], [135.71816146, 35.03284276, 0.0], [135.71940601, 35.03296136, 0.0], [135.7194382, 35.03287351, 0.0], [135.72015703, 35.03298772, 0.0], [135.72016239, 35.03383107, 0.0], [135.72004437, 35.03568906, 0.0], [135.71837068, 35.03597456, 0.0], [135.71661115, 35.03484133, 0.0], [135.71626782, 35.03447676, 0.0]]","[135.71818710197505, 35.034248355]","[[135.72016239, 35.03597456], [135.72016239, 35.03257043], [135.71620882, 35.03597456], [135.71620882, 35.03257043]]","['龍安寺の庭は有名な場所', 'おすすめ理由は、石庭だけでなく以外にも龍安寺の紅葉もいいんです！龍安寺は秋になるときに、秋が深まると、入口の階段の紅葉がきれい、赤や黄色のカエデが彩りを添えてくれます。境内のほぼ半分を占める広大な鏡容池まわりでも、モミジが鮮やかに色づき、池畔を歩きながらゆったりとした時間が過ごせます。', '拍出了安静素雅的风格', '白砂の砂紋で波の重なりを表す枯山水庭園の特徴を有するの特徴を有する。', '旅行する価値がある場所、龍安寺の石庭の美しさで名高い世界遺産の寺院、「枯山水（かれさんすい）」と言う方式で作られています。枯山水とは石だけで「水」や「島」を表した庭になります。ほとんどの枯山水は観賞用としてどこかの風景を真似て作庭されます。風景を真似たものではなく、見た人に禅の教えが伝わるように考え作庭されたのではないかと考えられています。', '内部', 'この石庭は、どこから鑑賞しても庭石が1個までしか見えないようになっているのは、ある石に別の石が重なるよう設計されているためで、日本庭園における「重なり志向」を表したものともいわれている。', '外部', '正門の写真から', '展示了秋日的美好风景 令人向往']"
29,"Rengeji, 蓮華寺","[[135.71549, 35.02954, 0.0], [135.71557, 35.02905, 0.0], [135.71628, 35.02911, 0.0], [135.71664, 35.02914, 0.0], [135.71667, 35.02958, 0.0], [135.71656, 35.02965, 0.0]]","[135.71608814471244, 35.02934]","[[135.71667, 35.02965], [135.71667, 35.02905], [135.71549, 35.02965], [135.71549, 35.02905]]",Not matched
30,"Kinkaku-ji, 金閣寺","[[135.72707176, 35.03978703, 0.0], [135.72801054, 35.03826733, 0.0], [135.72930872, 35.03821902, 0.0], [135.72934628, 35.03809604, 0.0], [135.72988272, 35.03809165, 0.0], [135.72987467, 35.03792474, 0.0], [135.73087513, 35.03792254, 0.0], [135.73170394, 35.03882075, 0.0], [135.73180318, 35.0393544, 0.0], [135.73182732, 35.04083894, 0.0], [135.73075444, 35.04173052, 0.0], [135.72941601, 35.04187985, 0.0], [135.72787374, 35.04095533, 0.0], [135.72707176, 35.03978703, 0.0]]","[135.72962578475102, 35.040312985]","[[135.73182732, 35.04187985], [135.73182732, 35.03792254], [135.72707176, 35.04187985], [135.72707176, 35.03792254]]","['金閣寺の庭も有名な観光地である。', '直观展示了金阁寺的特色', '夏天的金阁寺（金色）', '展现了冬天的金阁寺', '金閣寺の標的に建築物はやはり金閣と思う。', '冬天的金阁寺（含白色）', '直观展示了金阁寺的特色风景', '展现了冬天的金阁寺', '日本京北区にある臨済宗相国寺派のお寺です。その中で、内外に金箔が張った三階建ての楼閣（舎利殿）も金閣と呼ばれています。', '日本政府は国宝に指定され、1994年に「古京の歴史遺跡」の一部をユネスコが世界文化遺産に指定した重要な歴史建築物です。']"
31,"Wara-tenjin, わら天神","[[135.73130697, 35.03656314, 0.0], [135.73129088, 35.03636987, 0.0], [135.7313928, 35.03575495, 0.0], [135.73213041, 35.03575275, 0.0], [135.73221087, 35.03601849, 0.0], [135.7319802, 35.03601849, 0.0], [135.73188633, 35.0365851, 0.0], [135.73134184, 35.03658949, 0.0], [135.73130697, 35.03656314, 0.0]]","[135.73163554664367, 35.036194179999995]","[[135.73221087, 35.03658949], [135.73221087, 35.03575275], [135.73129088, 35.03658949], [135.73129088, 35.03575275]]",Not matched
32,"Hirano Shrine, 平野神社","[[135.73166102, 35.03300748, 0.0], [135.73163688, 35.03280762, 0.0], [135.7316342, 35.03171169, 0.0], [135.73273927, 35.0317051, 0.0], [135.73313892, 35.03174463, 0.0], [135.73324353, 35.03179954, 0.0], [135.73339105, 35.03295697, 0.0], [135.73336422, 35.03298772, 0.0], [135.73281169, 35.03301627, 0.0], [135.73166102, 35.03300748, 0.0]]","[135.73247170986406, 35.032303580000004]","[[135.73339105, 35.03301627], [135.73339105, 35.0317051], [135.7316342, 35.03301627], [135.7316342, 35.0317051]]","['いくつかの式典を開催することができます。 美しい神社でもあります。', '魁（さきがけ）桜', '平野神社の一番美しい桜の景色', '平野神社本殿（国の重要文化財）', 'ピークシーズンには桜の鑑賞が楽しめ、とても美しい桜の木があります。 立派です。', '平野神社のにぎやかな雰囲気']"
33,"Kitano Tenmangū, 北野天満宮","[[135.73461145, 35.03236398, 0.0], [135.73418766, 35.03094957, 0.0], [135.73393017, 35.03002931, 0.0], [135.73414207, 35.02993048, 0.0], [135.73411256, 35.0297965, 0.0], [135.73432982, 35.02974818, 0.0], [135.7343486, 35.02890918, 0.0], [135.73471338, 35.02885427, 0.0], [135.7347241, 35.02875324, 0.0], [135.73526859, 35.02878618, 0.0], [135.73532492, 35.02869613, 0.0], [135.73530883, 35.02813825, 0.0], [135.73533028, 35.02809213, 0.0], [135.7355985, 35.02808993, 0.0], [135.73586941, 35.02844574, 0.0], [135.73594987, 35.02914858, 0.0], [135.73600352, 35.03128561, 0.0], [135.73582649, 35.03160407, 0.0], [135.73580503, 35.03195108, 0.0], [135.73577553, 35.03203454, 0.0], [135.73578089, 35.03225636, 0.0], [135.73575139, 35.0322915, 0.0], [135.73499233, 35.03231347, 0.0], [135.73461145, 35.03236398, 0.0]]","[135.7350212236018, 35.03048944]","[[135.73600352, 35.03236398], [135.73600352, 35.02808993], [135.73393017, 35.03236398], [135.73393017, 35.02808993]]","['拝殿（国宝）', '強烈な地元の特色が残る神社。北野天満宮は平安時代の菅原道真、日本人の心の中の学問の神様です。', '北野天満宮は京府の神社で、天神節などには各種の祭祀が行われ、多くの人が天神に来て、天神の恵みを祈る。', '秋天', '非常に代表的な正面の画像', '応仁の乱以来、550年ぶりに神仏習合の祈りの写真', '本殿と透塀 ', 'この壮大な古い神社は9世紀の著名な学者、菅原道真を記念して建てられたものです。庭には彼の好きな梅の花が植えられている。彼の動物の守り神である銅牛も巨大。', '正门', 'この神社は日本金典の梅の名所の一つです。毎年2月25日に梅祭りが行われます。その時、梅園は香りが漂い、美しい歌舞伎は香り高いお茶を差し上げます。']"
34,"Myōshinji Temple, 妙心寺","[[135.71783155, 35.0242879, 0.0], [135.71770817, 35.02323139, 0.0], [135.7185021, 35.02316989, 0.0], [135.71846724, 35.02298977, 0.0], [135.71868718, 35.02293925, 0.0], [135.71864963, 35.02279648, 0.0], [135.71868718, 35.0217048, 0.0], [135.71886957, 35.02112271, 0.0], [135.71997732, 35.02105022, 0.0], [135.7210958, 35.02102826, 0.0], [135.72131038, 35.02105462, 0.0], [135.72176367, 35.02165208, 0.0], [135.72225451, 35.02200133, 0.0], [135.7227695, 35.02318526, 0.0], [135.72254419, 35.02332145, 0.0], [135.72287947, 35.02482604, 0.0], [135.72265148, 35.02507864, 0.0], [135.72273999, 35.02587375, 0.0], [135.72166175, 35.02580566, 0.0], [135.72071224, 35.02574855, 0.0], [135.71945697, 35.02581664, 0.0], [135.71932286, 35.02533562, 0.0], [135.71855575, 35.02523239, 0.0], [135.71846455, 35.02426155, 0.0], [135.71783155, 35.0242879, 0.0]]","[135.720211257553, 35.0237915]","[[135.72287947, 35.02587375], [135.72287947, 35.02102826], [135.71770817, 35.02587375], [135.71770817, 35.02102826]]","['妙心寺大众禅房 妙心寺研修中心，进行坐禅、讲经、作务等禅修 妙心寺有47个塔头。在妙心寺研修中心和佛堂，利用2天1夜的时间进行坐禅、讲经、作务等禅修。不论男女有很多人参加，从远方来的参加者也很多。', '妙心寺大衆禅堂 妙心寺研修センターでは、坐禅、講話、作務などの禅修を行っている 妙心寺には47の塔頭がある。妙心寺研修センターやお堂では、1泊2日で坐禅、講話、作務などの禅修行を行う。男女を問わず多くの人が参加しており,遠方からの参加者も多い。', 'エクステリアのシンプルさとエレガンスとインテリアの豪華さを対比することで、観光客をさらに魅了することができます。', '妙心寺には、観光客に修禅の紹介を教える僧侶がいます', 'エクステリアのシンプルさとエレガンスとインテリアの豪華さを対比することで、観光客をさらに魅了することができます。', '妙心寺 山内には46の塔頭寺院がある 花園法皇の離宮を禅寺に改める。臨済宗妙心寺派の大本山で、全国に3400以上の寺院を有する。北門のある一条通から南門のある下立売通までの約600 m。面積30万平方メートルの広大な寺域を有する。織田信長や豊臣秀吉などの戦国大名の庇護の下で栄えた。境内には見どころが多いが、狩野探幽の法堂天井画『八眼竜』が見逃せない。方丈庭園は名勝に指定されている。', '妙心寺の絵や建物はとても繊細で美しい', '妙心寺 山内有46座塔头寺院 花园法皇的离宫改建成禅寺。临济宗妙心寺派的大本山在全国拥有3400多座寺院。从有北门的一条通到有南门的下立卖通之间，约600米。拥有面积达30万平方米的广阔寺域。在织田信长和丰臣秀吉等战国大名的庇护下繁荣起来。寺内看点颇多，不可错过的是狩野探幽的法堂天花板画《八眼龙》。方丈庭园被指定为名胜古迹。']"
35,"Daitoku-ji, 大徳寺","[[135.7425642, 35.0447456, 0.0], [135.74262053, 35.04436131, 0.0], [135.74241668, 35.04433057, 0.0], [135.74255884, 35.04308546, 0.0], [135.74280828, 35.04308765, 0.0], [135.74282169, 35.04233882, 0.0], [135.74301481, 35.04235199, 0.0], [135.74310333, 35.04154167, 0.0], [135.74327767, 35.04153508, 0.0], [135.74328572, 35.04139234, 0.0], [135.74400991, 35.04136159, 0.0], [135.74399918, 35.04181617, 0.0], [135.74396431, 35.0422378, 0.0], [135.74407429, 35.04288782, 0.0], [135.74440956, 35.04288562, 0.0], [135.74442565, 35.04268798, 0.0], [135.74457318, 35.04268139, 0.0], [135.7445544, 35.04236297, 0.0], [135.74490309, 35.0423498, 0.0], [135.74496746, 35.04165366, 0.0], [135.74544758, 35.04165806, 0.0], [135.74552268, 35.04107172, 0.0], [135.74635684, 35.04114199, 0.0], [135.74636489, 35.04082137, 0.0], [135.74736804, 35.04083674, 0.0], [135.74718028, 35.04144943, 0.0], [135.7473734, 35.04147359, 0.0], [135.74712932, 35.04253865, 0.0], [135.74712127, 35.04310741, 0.0], [135.74705422, 35.04317988, 0.0], [135.74673772, 35.04331164, 0.0], [135.74679404, 35.04405168, 0.0], [135.74679673, 35.04415709, 0.0], [135.74676454, 35.04471486, 0.0], [135.74667335, 35.04499593, 0.0], [135.74588746, 35.04491908, 0.0], [135.74583113, 35.04518039, 0.0], [135.74580163, 35.04546806, 0.0], [135.74530274, 35.04545049, 0.0], [135.7452625, 35.04556029, 0.0], [135.74447393, 35.0454461, 0.0], [135.74412525, 35.04536485, 0.0], [135.74414402, 35.04518918, 0.0], [135.74439883, 35.04520455, 0.0], [135.74453026, 35.04456992, 0.0], [135.74405283, 35.04449746, 0.0], [135.74395359, 35.04441621, 0.0], [135.743393, 35.04441401, 0.0], [135.74337423, 35.04479171, 0.0], [135.7425642, 35.0447456, 0.0]]","[135.74471825390168, 35.04324576]","[[135.7473734, 35.04556029], [135.7473734, 35.04082137], [135.74241668, 35.04556029], [135.74241668, 35.04082137]]","['侘びさび感じる庭園', '千利休によって増築された三門二階部分を金毛閣と称し、利休の像を安置したことから秀吉の怒りをかい利休自決の原因となった。', '国宝や重要文化財に指定されている建造物や絵画などがたくさん。', 'この廊下は人に堪らない', '臨済宗大徳寺派の大本山で龍寶山と号する。方丈の正面に聚楽第の遺構と伝える唐門（国宝）がある。什宝には牧谿筆観音猿鶴図（国宝）、絹本着色大燈国師頂相（国宝）他墨跡多数が残されている。', '珍しい青紅葉が見えるところ', '京都で最も規模が大きい禅宗寺院。', 'この池は春がどんな景色ですか、冬は']"
36,"Kamigamo-jinja, 上賀茂神社","[[135.75126797, 35.06013107, 0.0], [135.75130552, 35.05918918, 0.0], [135.75135916, 35.05878959, 0.0], [135.75142354, 35.05857443, 0.0], [135.75170249, 35.05806944, 0.0], [135.75190634, 35.05788502, 0.0], [135.7531026, 35.05807603, 0.0], [135.75327694, 35.05808262, 0.0], [135.75355858, 35.05801675, 0.0], [135.75390726, 35.05960194, 0.0], [135.75327694, 35.05990712, 0.0], [135.75413793, 35.06077215, 0.0], [135.75395554, 35.06149447, 0.0], [135.75344324, 35.06128151, 0.0], [135.75304091, 35.06120247, 0.0], [135.75232476, 35.06122223, 0.0], [135.75184196, 35.06067555, 0.0], [135.75126797, 35.06013107, 0.0]]","[135.7524375406944, 35.05975453]","[[135.75413793, 35.06149447], [135.75413793, 35.05788502], [135.75126797, 35.06149447], [135.75126797, 35.05788502]]","['上賀茂神社の風景とともに紅葉が楽しめます', '敬虔な祈り、お寺にお参りすることは、神社の特徴を表しています。', '神社の独特の景色が表示されています。', '境内を流れる小川沿いの楓のトンネルは必見です。', '代表性的大门显露出对神明的尊敬', '选择在神社结婚是一道独特的风景', '一つの曲があります。禅室の花や木が深い感じがします。']"
37,"Kyoto Botanical Gardens, 京都府立植物園","[[135.75937092, 35.05053827, 0.0], [135.75939238, 35.05007276, 0.0], [135.75905979, 35.05004202, 0.0], [135.76165617, 35.04627396, 0.0], [135.76345861, 35.04651989, 0.0], [135.76352835, 35.04692394, 0.0], [135.7658565, 35.04717427, 0.0], [135.76520205, 35.05096864, 0.0], [135.76416671, 35.05086764, 0.0], [135.76405942, 35.05099499, 0.0], [135.75937092, 35.05053827, 0.0]]","[135.7628284936278, 35.048608145]","[[135.7658565, 35.05099499], [135.7658565, 35.04627396], [135.75905979, 35.05099499], [135.75905979, 35.04627396]]","['生きた植物の博物館', '生きた植物の博物館', '植物园温室', '日本を代表する桜', '京都県立植物園は、京都市民が週末に旅行するのに最も理想的な場所になっている。 季節の移り変わりとともに公園を散歩すると、さまざまな色の美しさが見られる。 プールサイドでは、秋のカエデの葉の色がプールの表面に反映されており、美しい。', 'リラックスできる', '綺麗な植物', 'リラックスができる', '京都県立植物園は、日本で最も初期の公立植物園であり、京都で最も人気のある植物園。 桜の季節には、雲の海のようなピンクの桜が昇る太陽の下で一緒にカスケードし、最も美しい桜の世界になる。', 'くすのき並木']"
38,"Shiramine Shrine, 白峯神宮","[[135.75288, 35.0304, 0.0], [135.75285, 35.0298, 0.0], [135.75334, 35.02979, 0.0], [135.75335, 35.03039, 0.0]]","[135.75310491666667, 35.030095]","[[135.75335, 35.0304], [135.75335, 35.02979], [135.75285, 35.0304], [135.75285, 35.02979]]",Not matched
39,"Seimei-Jinja Shrine, 晴明神社","[[135.75078, 35.02796, 0.0], [135.75078, 35.02757, 0.0], [135.75166, 35.02755, 0.0], [135.75169, 35.02794, 0.0]]","[135.7512278846154, 35.027755]","[[135.75169, 35.02796], [135.75169, 35.02755], [135.75078, 35.02796], [135.75078, 35.02755]]","['おすすめ理由は、古来、中国また陰陽道では、桃は魔除け・厄除けの果物といわれます。『古事記』や『日本書紀』などでも魔物を追い払う様が描かれています。昔話、「桃太郎」もこれに由来するものだと思われます。誰にでも、自身の厄や、まがまがしいものがあります。それをこの桃に撫で付ければ、清々しい気持ちになることができます。', '代表的なもの本殿前の『安倍晴明公像』は晴明神社にある、安倍晴明の肖像画を元に造られたものです。夜空を見上げて天体を観測し、手を衣装の下で印を結んでいる様子がそのまま像になっています。', '雨后的景色 带着古典美', 'この井戸は「晴明桔梗」の五芒星が描かれた井戸です。これは安倍晴明が霊力によって湧き出させたと伝えられている水で、『晴明水』とも呼ばれ病気平癒や無病息災にご利益があるとされている水です。', '晴明神社の本殿', 'おすすめ理由は、歴史がある晴明神社は、平安時代中期の天文学者である安倍晴明公をお祀する神社です。安倍晴明は、孝元帝の皇子・大彦命の御後胤で、幼い頃から非常に多くの道に秀でておられました。境内のもっとも奥に、晴明公をお祀りする本殿があります。晴明桔梗が随所にあしらわれ、おごそかな雰囲気に包まれています。現在の本殿は、明治38年に建てられたものです。', '鳥居は神社の代表的な建築物', '标志性石碑 快速展现景点特色']"
40,"Shōkoku-ji, 相国寺","[[135.76069325, 35.03452508, 0.0], [135.76066375, 35.03389696, 0.0], [135.76052964, 35.03388378, 0.0], [135.76044381, 35.03309973, 0.0], [135.76014876, 35.03308874, 0.0], [135.76013803, 35.03246281, 0.0], [135.76000392, 35.03245622, 0.0], [135.76003611, 35.03188519, 0.0], [135.76099634, 35.03185005, 0.0], [135.76102853, 35.03090345, 0.0], [135.76152742, 35.03090125, 0.0], [135.76153815, 35.03064868, 0.0], [135.76234281, 35.03064868, 0.0], [135.7636705, 35.03073433, 0.0], [135.76369733, 35.03076728, 0.0], [135.76369464, 35.03197524, 0.0], [135.76370806, 35.03315902, 0.0], [135.76371342, 35.03385304, 0.0], [135.76266736, 35.03395406, 0.0], [135.76234281, 35.03396944, 0.0], [135.76167226, 35.03414074, 0.0], [135.76166689, 35.03448115, 0.0], [135.76069325, 35.03452508, 0.0]]","[135.7619235551589, 35.032775775]","[[135.76371342, 35.03452508], [135.76371342, 35.03064868], [135.76000392, 35.03452508], [135.76000392, 35.03064868]]","['この図はこの観光地のシンボル的な建物で、相国寺の入り口にあります。この相国寺に入ると、最初にこの建物が見えます', 'これは最も古い寺院の1つであり、非常に研究価値があります。', 'とても美しい、対応する季節の桜を楽しむことができます。', 'この図は、相国寺の木々を見ることができ、心の平静を感じることができると同時に、この背景も相国寺のシンボルです']"
41,京都御所,"[[135.7595, 35.02901, 0.0], [135.75956, 35.01756, 0.0], [135.7672, 35.01759, 0.0], [135.76677, 35.02905, 0.0]]","[135.76325783591685, 35.0233]","[[135.7672, 35.02905], [135.7672, 35.01756], [135.7595, 35.02905], [135.7595, 35.01756]]","['2-京御所の建物は一見の価値があり、こちらの昔の姿がよく分かり、保護されています。行くべき歴史文化の殿堂です。', '多くの史実に残る神聖な場所', '正面', '俯视', ' 素敵な場所', '1-京御所はとても綺麗な庭園の景観スポットです。昔は天皇の住むところでした。とても綺麗でした。小橋の流れを持っている。景色が人をうっとりさせる。']"
42,"Suzumushi temple, 鈴虫寺","[[135.68452, 34.99365, 0.0], [135.68496, 34.99315, 0.0], [135.68564, 34.99337, 0.0], [135.68556, 34.99344, 0.0], [135.6853, 34.99402, 0.0]]","[135.68506266551725, 34.993545]","[[135.68564, 34.99402], [135.68564, 34.99315], [135.68452, 34.99402], [135.68452, 34.99315]]",Not matched
43,"Nijō Castle, 二条城","[[135.74572921, 35.01565307, 0.0], [135.74554145, 35.01246777, 0.0], [135.74751556, 35.01238429, 0.0], [135.74752629, 35.0122393, 0.0], [135.75115263, 35.01208992, 0.0], [135.75130284, 35.01557838, 0.0], [135.74774086, 35.01574533, 0.0], [135.74768722, 35.01558277, 0.0], [135.74572921, 35.01565307, 0.0]]","[135.74843449930654, 35.014023075]","[[135.75130284, 35.01574533], [135.75130284, 35.01208992], [135.74554145, 35.01574533], [135.74554145, 35.01208992]]","['昔から護城河がこの立派な建物を守っています。', '重厚な正門は徳川幕府の約四百年の歴史を目撃した。', '二の丸御殿の建物群や、庭園の国宝です。', '元離宮二条城は衰をはじめ、日本の歴史の移り変わりを見守ってきたお城である。1867年(慶応3年)には15代将軍慶喜が二の丸御殿の大広間（写真の場所）で「大政奉還」の意思を表明したことは日本史上あまりにも有名である。', 'おすすめ理由は、二の丸御殿は全6棟の建物がある、江戸初期に完成した住宅様式、日本建築史上重要な遺構です。国内の城郭に残る唯一の御殿群として国宝に指定されました。内部は、日本絵画史上最大の画派である狩野派による障壁画があります、将軍の御殿にふさわしい豪華絢爛な空間となっています。歴史の息吹が強いである。', 'おすすめ理由は、歴史がある庭園と言われます。「二の丸庭園」1602年～1603年頃二条城が造営されたときに、その建築に調和させて作られたものです。又は3代将軍家光の上洛以降、14代将軍家茂が上洛するまでの、229年間将軍不在のまま幕末を迎えます。その間事由は定かではありませんが、吉宗の時代に庭園の改修が行なわれました。京都市に下賜されてからの二の丸庭園は、1939年(昭和14年)名勝に指定、1953年(昭和28年)に 国の特別名勝の指定を受け、文化財的資産と観光要素の一つとして維持され現在に至っています。', 'おすすめ理由は、歴史がある庭園と言われます。「二の丸庭園」1602年～1603年頃二条城が造営されたときに、その建築に調和させて作られたものです。又は3代将軍家光の上洛以降、14代将軍家茂が上洛するまでの、229年間将軍不在のまま幕末を迎えます。その間事由は定かではありませんが、吉宗の時代に庭園の改修が行なわれました。京都市に下賜されてからの二の丸庭園は、1939年(昭和14年)名勝に指定、1953年(昭和28年)に 国の特別名勝の指定を受け、文化財的資産と観光要素の一つとして維持され現在に至っています。', 'こはれ 国宝・二の丸御殿です。二の丸御殿は全6棟の建物からなり、江戸初期に完成した住宅様式、日本建築史上重要な遺構です。国内の城郭に残る唯一の御殿群として国宝に指定されました。内部は、日本絵画史上最大の画派である狩野派による障壁画があります、将軍の御殿にふさわしい豪華絢爛な空間となっています。', '平视', '元離宮二条城では、日本の歴史と文化を今に伝える二条城に対する理解を深めていただくため、写真展「二条城の今と昔」を開催している。紅葉をみなら、二条城四百年の歴史の移り変わりを感じられる。', '鳴子門は国の重要文化財に指定されています。', '俯视']"
44,"Shimogamo-Jinja, 下鴨神社","[[135.7712853, 35.03521469, 0.0], [135.77135503, 35.03437134, 0.0], [135.77140868, 35.034222, 0.0], [135.77296704, 35.0341649, 0.0], [135.77304482, 35.03535963, 0.0], [135.77297509, 35.03598554, 0.0], [135.77320039, 35.03681569, 0.0], [135.77315748, 35.03687279, 0.0], [135.77337205, 35.03729665, 0.0], [135.77368051, 35.0376634, 0.0], [135.77403992, 35.03796647, 0.0], [135.77395409, 35.03808506, 0.0], [135.77401847, 35.03827831, 0.0], [135.77398896, 35.03868679, 0.0], [135.77381998, 35.03904036, 0.0], [135.77363759, 35.03972115, 0.0], [135.77342302, 35.03978264, 0.0], [135.77143818, 35.03970358, 0.0], [135.77139795, 35.03850671, 0.0], [135.77149987, 35.03835079, 0.0], [135.7719478, 35.03806529, 0.0], [135.77214092, 35.03797964, 0.0], [135.77222675, 35.03768976, 0.0], [135.77219456, 35.03751187, 0.0], [135.77204704, 35.03737351, 0.0], [135.77200145, 35.03730104, 0.0], [135.77176273, 35.03727469, 0.0], [135.77152133, 35.03639842, 0.0], [135.77146769, 35.0356122, 0.0], [135.77147305, 35.03523226, 0.0], [135.7712853, 35.03521469, 0.0]]","[135.77248328886327, 35.03707374]","[[135.77403992, 35.03978264], [135.77403992, 35.0341649], [135.7712853, 35.03978264], [135.7712853, 35.0341649]]","['ここはランドマークの建物です。', 'この池の清水に足をつけると疫病や脚気にかからないとか、ガン封じなど無病息災を祈ってお祓いをうける足つけ神事である。今年のウイルスの原因で、私たちの生活は大きな影響を受けた。ここは今に対して、なんと相応し観光地だと思う。', '下鴨神社境内にある河合神社 下鴨神社糺の森の南にある美人の神・玉依姫命を祀る。女性の守護神であり、女性の美への願望を実現すると言われています。', '下鴨神社 森の中にある古い神社 祭神は上賀茂神社で雷神の祖神と母神を祀り、正式名称は賀茂御祖神社である。平安時代には王城鎮護神とされた。世界遺産に登録されているのは、国宝の正殿をはじめ、指定された53の社殿が軒を連ね、厳かに立っています。', '御手洗川のせせらぎ、癒やされる場所です。', '下鸭神社境内河合神社 祭祀位于下鸭神社纠森林南面的美人之神玉依姬命。是女性的守护神，据说能实现女性对美的愿望。', 'じゃらんに評判が高い、900以上の評判もある。', '11月18日に、下鴨神社でお火焚祭を盛んに行われている神事である。神前において火を焚き上げ祝詞や神楽を奏して神意をお慰めします。秋の収穫感謝のお祭であるとか、火を焚いて大地を暖め春の息吹を祈るなどお祭りの起源には諸説がる。まだ日本の祭りを参加しなかった方におすすめです。', '下鸭神社 一座在森林中的古老神社 祭神是上贺茂神社祭祀的雷神的祖父神和母神，正式名称是贺茂御祖神社。平安时代被尊为王城镇护神。被登录为世界遗产的，以国宝的正殿为首，被指定的53座神殿鳞次栉比，显得庄严肃立。']"
45,"Kifune Shrine, 貴船神社","[[135.7634, 35.12307, 0.0], [135.76304, 35.1226, 0.0], [135.76266, 35.12211, 0.0], [135.76219, 35.12001, 0.0], [135.7624, 35.11927, 0.0], [135.76205, 35.11877, 0.0], [135.76241, 35.11848, 0.0], [135.76304, 35.11889, 0.0], [135.76322, 35.11986, 0.0], [135.76295, 35.12056, 0.0], [135.76356, 35.12133, 0.0], [135.7639, 35.1228, 0.0]]","[135.7628271309524, 35.120945]","[[135.7639, 35.12307], [135.7639, 35.11848], [135.76205, 35.12307], [135.76205, 35.11848]]","['贵船神社夏季坡道', '体现春天的貴船神社绿意盎然  ', '冬の特別な雪景色を映し出す。', '银装素裹的通路别有一番风味', '雪が積もれば、もうすばらしく美しい世界になります。その上ライトアップが重なれば、目も眩むような美しさです。', '秋の美しい風景が描かれています。', '贵船神社冬季坡道', '「京の奥座敷」貴船界隈は紅葉に鮮やかに彩られ、灯篭の灯りにつつまれます。']"
46,"Kurama-dera, 鞍馬寺","[[135.76902151, 35.11842547, 0.0], [135.76894641, 35.1175786, 0.0], [135.76991737, 35.11696429, 0.0], [135.77125311, 35.11693357, 0.0], [135.77145159, 35.1168853, 0.0], [135.77216506, 35.11746013, 0.0], [135.77255666, 35.11627098, 0.0], [135.77306092, 35.11628853, 0.0], [135.77317894, 35.11730216, 0.0], [135.77130675, 35.11902223, 0.0], [135.76902151, 35.11842547, 0.0]]","[135.77070056463597, 35.118002035]","[[135.77317894, 35.11902223], [135.77317894, 35.11627098], [135.76894641, 35.11902223], [135.76894641, 35.11627098]]","['古い階段は周囲の林と一体となり、自然に戻ってきます。', '鞍馬寺には山門から本堂までの長い1キロほどの小道があり、途中の多宝塔までの区間はケーブルカーに乗ることができます。', '仁王門', '霊宝殿（鞍馬山博物館）', '霊宝殿（鞍馬山博物館）', '雪景色をもって古いお寺を引き立たせて、目を楽しませてくれます。', '仁王門', '鞍馬寺は天狗の伝説で知られ、都の鬼門を守る寺と仰がれています。']"
47,"Jakko-in Temple, 寂光院","[[135.82079083, 35.12434893, 0.0], [135.82085252, 35.12420853, 0.0], [135.82086861, 35.12399353, 0.0], [135.82085788, 35.1237566, 0.0], [135.82077742, 35.12359865, 0.0], [135.82098395, 35.12351748, 0.0], [135.82151234, 35.12360084, 0.0], [135.82145333, 35.12436429, 0.0], [135.82079083, 35.12434893, 0.0]]","[135.82117719454516, 35.123875065]","[[135.82151234, 35.12436429], [135.82151234, 35.12351748], [135.82077742, 35.12436429], [135.82077742, 35.12351748]]","['紅葉見頃', '寂光院は尼寺で、庶民の皇后としての悲惨な生涯を送り、すべての家族を失い、最後にここで尼になったことで有名です。秋の山に囲まれた自然の風景は、昔の平家物語の歴史上の人物の波乱の運命を思わせる。', '寂光院は敷地が広くなく、ゆっくりと鑑賞したり、味わったりして、静かに座って、緑の包囲と心の平和を感じます。約1000本のモミジがあります。特に大木が多く、木曽川沿岸に位置していますので、寒暖の差があり、紅葉の色が特に鮮やかで、見る価値があります。', '本堂', ' 寂光院には本堂や書院など歴史のある建物のほか、美しい回遊式の庭園があります。夏に咲く紅山の茎と秋のΦの紅葉が入り混じっています。', '寂光院には名著「平家物語」に描かれた本堂、書院、弁天堂などの多くの古跡がありますが、2000年5月9日に火災に遭い、本堂が焼失した。', '朝の境内の様子', '参道や本堂の周りの紅葉の様子']"
48,"Sanzen-in Temple, 三千院","[[135.83091, 35.12164, 0.0], [135.8304, 35.12107, 0.0], [135.83047, 35.12079, 0.0], [135.83038, 35.12037, 0.0], [135.83063, 35.12026, 0.0], [135.83115, 35.12027, 0.0], [135.83147, 35.11996, 0.0], [135.83224, 35.11957, 0.0], [135.83377, 35.1191, 0.0], [135.83527, 35.11883, 0.0], [135.83606, 35.11879, 0.0], [135.83646, 35.11862, 0.0], [135.83707, 35.11848, 0.0], [135.83755, 35.11831, 0.0], [135.83778, 35.11845, 0.0], [135.8378, 35.11894, 0.0], [135.83617, 35.11935, 0.0], [135.83586, 35.12001, 0.0], [135.83537, 35.12026, 0.0], [135.83449, 35.12049, 0.0], [135.83473, 35.12135, 0.0], [135.83451, 35.12177, 0.0], [135.83391, 35.12172, 0.0], [135.83369, 35.12118, 0.0], [135.83287, 35.1214, 0.0]]","[135.83345217741936, 35.120135000000005]","[[135.8378, 35.12177], [135.8378, 35.11831], [135.83038, 35.12177], [135.83038, 35.11831]]",Not matched
49,"Shugakuin Imperial Villa, 修学院離宮","[[135.79981, 35.0547, 0.0], [135.79965, 35.05361, 0.0], [135.79938, 35.05297, 0.0], [135.79921, 35.05209, 0.0], [135.80135, 35.05132, 0.0], [135.80382, 35.0517, 0.0], [135.8042, 35.0541, 0.0], [135.80462, 35.05548, 0.0], [135.80384, 35.05619, 0.0], [135.80245, 35.05545, 0.0], [135.80269, 35.05416, 0.0]]","[135.80192358581806, 35.053855]","[[135.80462, 35.05619], [135.80462, 35.05132], [135.79921, 35.05619], [135.79921, 35.05132]]","['中でもたくさんのところを参拝できるし、自然と建物の調和がある。', '“桂離宮”と並ぶ、日本の皇室庭園の最高傑作。上離宮は京都の市街地と山々の絶景を楽しめる回遊式庭園。', '紅葉と青紅葉が混じって、この時期にしか味わえない趣きがあります。', '壮麗な比叡山で、秋の紅葉を見るところで一番。', '後水尾上皇により造営された山荘です。春には桜，シャクナゲやツツジなどの花々が庭園を彩り，秋には錦に色づく山並みが広がり，季節の移り変わりを感じることができます。', '美しきかな修学院離宮の晩秋']"
50,"Manshu-in, 曼殊院門跡","[[135.80249, 35.04929, 0.0], [135.80244, 35.04833, 0.0], [135.80217, 35.04797, 0.0], [135.80242, 35.04796, 0.0], [135.80329, 35.04825, 0.0], [135.80351, 35.04833, 0.0], [135.8035, 35.04925, 0.0]]","[135.80298447916667, 35.04879]","[[135.80351, 35.04929], [135.80351, 35.04796], [135.80217, 35.04929], [135.80217, 35.04796]]",Not matched
51,"Shisen-dō, 詩仙堂","[[135.79613328, 35.04412634, 0.0], [135.79600722, 35.04372887, 0.0], [135.7957229, 35.04372887, 0.0], [135.79571217, 35.04346975, 0.0], [135.79562098, 35.04348732, 0.0], [135.79553246, 35.04326772, 0.0], [135.79583824, 35.04315133, 0.0], [135.79595894, 35.04303056, 0.0], [135.79621643, 35.04302836, 0.0], [135.79645783, 35.04340607, 0.0], [135.79636931, 35.04345657, 0.0], [135.79637468, 35.04356637, 0.0], [135.79643637, 35.04359712, 0.0], [135.79639614, 35.04381891, 0.0], [135.79647124, 35.04397702, 0.0], [135.7964015, 35.04408462, 0.0], [135.79613328, 35.04412634, 0.0]]","[135.7960611663221, 35.043581745]","[[135.79647124, 35.04412634], [135.79647124, 35.04302836], [135.79553246, 35.04412634], [135.79553246, 35.04302836]]","['江戸川時代の日本は中華文化を追慕していました。詩仙堂はその中の一つの縮図です。当時の中国文化の深さと中国文学思想を完全に反映することはできませんが、中国の伝統的な文人の山水相悦、淡泊泊泊泊明志、静かに遠ざけるなどの志趣を体現しています。ここの雰囲気も仙也禅です。', '1-詩仙堂の樹木は見る価値があります。特に秋になると紅葉が色づき、とても美しくなります。写真を撮って遊ぶのにいいです。', '2-詩仙堂の建物の中に座って外を見に行くのも水面と景色の一体の風景です。人々は室内に座って外を見に行きます。綺麗な木や草花ばかりです。', '詩仙堂は、江戸川時代初期の詩人、石川丈山が隠居した山荘で、京都市の左京区にあり、1636年に建てられました。正堂の四壁には江戸初期の名画家狩野幽の作画、石川丈山の題語である中国漢、晋、唐、宋の36人の詩人の画像があり、「詩仙堂」と名づけられました。庭園は優雅で静寂で，庭園の景色は心を楽しませる。石川丈山は、福、禄、寿に対する理解を書いた。「福」に対する注釈は、「無分別で、悪徳を積んだ者は福を得ず」、「禄」に対する注釈は、「思君親の恩により天命を守る者は禄を得ず」、「寿」に対する注釈は「大酒を食べて、遠色で血気を養おうとする者は長生きしない」。', '红叶时候是詩仙堂一年中最好看的时间']"
52,"Higashiyama Jisho-ji, 銀閣寺","[[135.79514, 35.02722, 0.0], [135.79537, 35.02702, 0.0], [135.79729, 35.02702, 0.0], [135.79731, 35.02632, 0.0], [135.79745, 35.02605, 0.0], [135.79851, 35.02612, 0.0], [135.79907, 35.02644, 0.0], [135.79923, 35.0268, 0.0], [135.79925, 35.02704, 0.0], [135.79918, 35.02728, 0.0], [135.79891, 35.02752, 0.0], [135.79811, 35.02757, 0.0], [135.79727, 35.02756, 0.0], [135.79728, 35.02733, 0.0], [135.79519, 35.0274, 0.0]]","[135.7982661547619, 35.02691]","[[135.79925, 35.02757], [135.79925, 35.02605], [135.79514, 35.02757], [135.79514, 35.02605]]","['冬天', ' ランドマーク', '世界遺産の銀閣寺の美しさが伝える風景', ' 地図', '夏天', '冬で雪で埋められた特別な銀閣寺']"
53,"Kyoto University, 京都大学","[[135.77931, 35.02863, 0.0], [135.77887, 35.02653, 0.0], [135.77881, 35.0254, 0.0], [135.78061, 35.02536, 0.0], [135.78059, 35.02514, 0.0], [135.77885, 35.02511, 0.0], [135.77885, 35.02207, 0.0], [135.78102, 35.02205, 0.0], [135.7813, 35.0247, 0.0], [135.78139, 35.02518, 0.0], [135.78197, 35.02535, 0.0], [135.78338, 35.02529, 0.0], [135.78415, 35.02834, 0.0], [135.78177, 35.02832, 0.0]]","[135.78123700534758, 35.02532]","[[135.78415, 35.02863], [135.78415, 35.02205], [135.77881, 35.02863], [135.77881, 35.02205]]","[nan, 'これは秋の京大学内の美しい景色です。', '京都大学百年纪念塔纪念堂 京都大学的象征 1925年诞生的钟楼。一楼有展览室，商店和餐厅，可以在此了解京都大学；一楼的合作社和咖啡厅可供参观者使用。', '京都大学综合博物馆 展示在京都大学学习过的文化，自然和技术史等资料 在京都大学拥有100多年的历史，收集了260万份研究资料，其中有些是向公众开放的。展品种类繁多，包括文化史，自然史和技术史。', '京都大学はとても有名な大学です', '京都大学百年記念塔 京都大学の象徴 1925年に誕生した鐘楼。1階には展示室や売店、レストランなどがあり、ここで京都大学を知ることができる。1階の協同組合とカフェは見学者が利用できる。', '京都大学の紅葉は秋がとても綺麗です', '京都大学综合博物馆 展示在京都大学学习过的文化，自然和技术史等资料 在京都大学拥有100多年的历史，收集了260万份研究资料，其中有些是向公众开放的。展品种类繁多，包括文化史，自然史和技术史。', '京都大学综合博物馆 展示在京都大学学习过的文化，自然和技术史等资料 在京都大学拥有100多年的历史，收集了260万份研究资料，其中有些是向公众开放的。展品种类繁多，包括文化史，自然史和技术史。', '京都大学総合博物館 京都大学で学んだ文化や自然、技術史などを展示しています 京都大学では100年以上の歴史を有し、260万件の研究資料を収集しており、その中には一般公開されているものもある。展示品の種類は多く,文化史,自然史と技術史を含む。', '京都大学综合博物馆 展示在京都大学学习过的文化，自然和技术史等资料 在京都大学拥有100多年的历史，收集了260万份研究资料，其中有些是向公众开放的。展品种类繁多，包括文化史，自然史和技术史。', '京都大学百年纪念塔纪念堂 京都大学的象征 1925年诞生的钟楼。一楼有展览室，商店和餐厅，可以在此了解京都大学；一楼的合作社和咖啡厅可供参观者使用。', '京都大学百年纪念塔纪念堂 京都大学的象征 1925年诞生的钟楼。一楼有展览室，商店和餐厅，可以在此了解京都大学；一楼的合作社和咖啡厅可供参观者使用。', nan, '京大の校舎', '近くに他の寺、神社がある。', '京都大学百年纪念塔纪念堂 京都大学的象征 1925年诞生的钟楼。一楼有展览室，商店和餐厅，可以在此了解京都大学；一楼的合作社和咖啡厅可供参观者使用。', '日本トップの大学を観光するのもいいと考えられる。']"
54,"Philosopher's Path, 哲学の道","[[135.79592, 35.01539, 0.0], [135.79562, 35.0154, 0.0], [135.79587, 35.01744, 0.0], [135.79534, 35.01765, 0.0], [135.79373, 35.01978, 0.0], [135.79433, 35.02217, 0.0], [135.79582, 35.02323, 0.0], [135.79635, 35.02424, 0.0], [135.79614, 35.025, 0.0], [135.79553, 35.02579, 0.0], [135.79534, 35.02667, 0.0], [135.79494, 35.02713, 0.0], [135.79523, 35.02725, 0.0], [135.79566, 35.02668, 0.0], [135.79584, 35.02584, 0.0], [135.79646, 35.02509, 0.0], [135.79666, 35.02404, 0.0], [135.79601, 35.02306, 0.0], [135.79452, 35.02194, 0.0], [135.79411, 35.01989, 0.0], [135.79558, 35.01787, 0.0], [135.79615, 35.0175, 0.0]]","[135.79416496861927, 35.020915]","[[135.79666, 35.02725], [135.79666, 35.01539], [135.79373, 35.02725], [135.79373, 35.01539]]","['冬季白雪皑皑的哲学之路（京都下雪比较罕见）', '桜の花の絶景を紹介。', '樱花开放时，哲学之道的自然之美', '樱花', '春天樱花盛开的哲学之路', '标识', '名前の方が代表的です。', '哲学之道的入口，有着让人向往的前方']"
55,"Hōnen-in, 法然院","[[135.79705, 35.02447, 0.0], [135.79678, 35.02338, 0.0], [135.79675, 35.02264, 0.0], [135.79779, 35.02263, 0.0], [135.79796, 35.02356, 0.0], [135.79782, 35.02367, 0.0], [135.79807, 35.02453, 0.0], [135.79785, 35.02458, 0.0], [135.79742, 35.02449, 0.0]]","[135.79736410550458, 35.02361500000001]","[[135.79807, 35.02458], [135.79807, 35.02263], [135.79675, 35.02458], [135.79675, 35.02263]]","['山門', '銀閣寺の近くにあります。 1680年に建てられました 日本の浄土宗祖法然が修行した草庵に発祥しました。 哲学の道で一番古風で静かなお寺です。', '秋の景色を庭の古さに引き立たせる。', '庭は周囲の緑と一体となっている。', '紅葉が綺麗', '寺と浮世を隔絶する 階段を上がる 舗装石道が徐々に砂利の小道に変わります。 寺の山門に着きました。']"
56,"Anrakuji, 安楽寺","[[135.79652, 35.02214, 0.0], [135.79625, 35.02171, 0.0], [135.79633, 35.02163, 0.0], [135.79622, 35.0213, 0.0], [135.79636, 35.02129, 0.0], [135.79641, 35.02125, 0.0], [135.79744, 35.02131, 0.0], [135.79739, 35.02165, 0.0], [135.79746, 35.02204, 0.0]]","[135.7968376923077, 35.02168]","[[135.79746, 35.02214], [135.79746, 35.02125], [135.79622, 35.02214], [135.79622, 35.02125]]","['寺の様子がはっきり写っています', '周囲を取り囲むのは細かな青椛(あおもみじ)。安楽寺で画像検索すると紅葉に埋め尽くされた山門前の写真が多く出てきますが、青椛の中の山門も見事です。', '安楽寺の「くさの地蔵」さまは、古くから皮膚病や腫瘍平癒にご利益があると信仰されてきました。平成三年（1991）の解体修理で胎内に墨書銘が認められ、鎌倉時代中期の正嘉二年（1258）五月二日の作の木造であり、作者も慶派の仏師であることが判明いたしました。 安楽寺には「くさの地蔵」さまへの願掛けやお礼に奉納された古い柄杓（ひしゃく）がたくさん残されています。 「柄杓」には北斗七星にかたどられ、世界中の神話に神聖な道具として登場するものです', '寺の入口の景色が見えます、秋の紅葉が綺麗です', '散り紅葉に覆われた参道の石段を上ると、趣あるかやぶきの山門が現れます。紅葉で赤く染まる境内は古刹の美を感じることができます。']"
57,"Eikan-dō Zenrin-ji, 永観堂","[[135.79372734, 35.01507753, 0.0], [135.79377025, 35.01466015, 0.0], [135.79383731, 35.01383636, 0.0], [135.79480022, 35.01379243, 0.0], [135.7948941, 35.01359252, 0.0], [135.7950148, 35.01343435, 0.0], [135.79482973, 35.01286319, 0.0], [135.79545736, 35.01274676, 0.0], [135.79578459, 35.0129247, 0.0], [135.79592675, 35.01312021, 0.0], [135.79615742, 35.01369797, 0.0], [135.79599112, 35.01411315, 0.0], [135.79571217, 35.0146206, 0.0], [135.79519451, 35.01468651, 0.0], [135.7952106, 35.01487103, 0.0], [135.79503089, 35.01488641, 0.0], [135.79500407, 35.01511926, 0.0], [135.79452932, 35.015161, 0.0], [135.79380512, 35.01513903, 0.0], [135.79372734, 35.01507753, 0.0]]","[135.79493629903044, 35.013974755]","[[135.79615742, 35.015161], [135.79615742, 35.01274676], [135.79372734, 35.015161], [135.79372734, 35.01274676]]","['永観堂の多宝塔から見ると、永観堂の景色は全て見られる、重要な場所だ', 'おすすめ理由は、京都の紅葉名所「永観堂」。紅葉の美しさは『古今和歌集』でも詠まれ、1000年以上にもわたって、“秋は紅葉の永観堂”と親しまれる紅葉名所です。人気があり、旅行者が選ぶ日本の紅葉名所ランキングで何度も１位になっているのも永観堂（禅林寺）。紅葉の時期・見頃は11月下旬ごろ。紅葉の夜間拝観（ライトアップ）もおすすめです。約3000本のイロハモミジやオオモミジが色鮮やかに折り重なりあい、散紅葉も美しい。', '拍摄角度很特别 画面很美', '紅葉と放生池、永観堂の二つ名物は集中している', '古来より「もみじの永観堂」とうたわれる京都屈指の名所です。約3000本のイロハモミジやオオモミジが回遊式庭園を彩ります。', '禅林寺は、「浄土宗西山禅林寺派」の総本山と言われ、おすすめ理由は、魅力がある。ここで有名なのは、「みかえり阿弥陀」毎年11月には寺宝展を開かれます。 ご本尊は、秘仏ではない為、どの季節でも観れる、ご本尊の特徴としては、阿弥陀像は頭を左に向いている姿になります。又は、永観堂に伝わる七不思議抜け雀、悲田梅、火除けの阿弥陀如来、臥龍廊、三鈷の松、木魚蛙、岩垣もみじになります。 そのひとつひとつ今でも見る事が出来ます。', '山の中腹にあり、境内の最も高い場所にある多宝塔を紅葉が包み込む幻想的な光景は秋に必見です。', '正面直观展现景点的美']"
58,"Nanzen-ji, 南禅寺","[[135.78992397, 35.01174941, 0.0], [135.78988642, 35.01160222, 0.0], [135.78984618, 35.01160222, 0.0], [135.78982472, 35.01117604, 0.0], [135.78949749, 35.01119581, 0.0], [135.78953773, 35.01083333, 0.0], [135.78968525, 35.01009738, 0.0], [135.79004735, 35.00929992, 0.0], [135.79053283, 35.00891326, 0.0], [135.79214215, 35.00830911, 0.0], [135.79306483, 35.01026215, 0.0], [135.7933867, 35.00958991, 0.0], [135.79467416, 35.0100886, 0.0], [135.79523474, 35.00973929, 0.0], [135.79588115, 35.0101567, 0.0], [135.79491824, 35.01174721, 0.0], [135.79512209, 35.01252488, 0.0], [135.79439521, 35.01261935, 0.0], [135.79421282, 35.01229422, 0.0], [135.79345912, 35.01251829, 0.0], [135.79363614, 35.01281925, 0.0], [135.79256058, 35.01293129, 0.0], [135.79039335, 35.01239308, 0.0], [135.78992397, 35.01174941, 0.0]]","[135.7926196933471, 35.01054774]","[[135.79588115, 35.01293129], [135.79588115, 35.00830911], [135.78949749, 35.01293129], [135.78949749, 35.00830911]]","['明治時代の赤レンガのアーチ橋', '京都の紅葉観光スポットとして一、二の人気を誇る', '外部', '内部', '南禅寺の正面の立派な写真', '重厚な堂宇が並び秋の紅葉は綺麗']"
59,"Heian Shrine, 平安神宮","[[135.78041822, 35.01727643, 0.0], [135.78038603, 35.01516979, 0.0], [135.7805416, 35.01504457, 0.0], [135.78459173, 35.01511487, 0.0], [135.78457028, 35.01655591, 0.0], [135.78401238, 35.0165669, 0.0], [135.78395069, 35.01670748, 0.0], [135.78371197, 35.0166987, 0.0], [135.78368515, 35.01714023, 0.0], [135.78257203, 35.01724348, 0.0], [135.78212142, 35.01726764, 0.0], [135.78041822, 35.01727643, 0.0]]","[135.78248860819517, 35.015862850000005]","[[135.78459173, 35.01727643], [135.78459173, 35.01504457], [135.78038603, 35.01727643], [135.78038603, 35.01504457]]","['鏡のような湖面は人々を平和に感じさせます。 そして平安神社の冬の雪景色はとても美しいです。', '标志的鸟居', '平安神宮の建物全体が見えます、中身の構造などがわかります', '和風が豊かな壮大な建物。 桜の季節には、平安神社がより神聖になります。', '正门', '非常に典型的な和風の建物です。', '平安神宮は日本の京都府京都市にある神社で、明治28年に桓武天皇の無事遷都1100周年を記念して創建されました。神主は50代桓武天皇と121代孝明天皇です。 平安神宮の建物は平安時代の皇居の一部を模したもので、元の建物の3分の2の規模しかありません。全体の神宮は大鳥居、神宮道、応天門、大極殿及び神苑などの部分を含み、唐代の洛陽皇宮紫微城の影響を深く受け、唐代の中国建築の風格を持っています。', '平安神宮の真正面がはっきり写っています', '建物の素晴らしさに加えて、遠くからの眺めも美しい。', '平安神宮の桜の季節は桜が多くて、景色が綺麗です。', '建物の素晴らしさに加えて、遠くからの眺めも美しい。', '典型的な和風の建物です。']"
60,"Okazaki Park, 岡崎公園","[[135.78201, 35.01488, 0.0], [135.782, 35.01466, 0.0], [135.78167, 35.01467, 0.0], [135.78168, 35.01383, 0.0], [135.78184, 35.01384, 0.0], [135.78191, 35.01378, 0.0], [135.78343, 35.01378, 0.0], [135.78355, 35.01368, 0.0], [135.78375, 35.01367, 0.0], [135.7839, 35.01371, 0.0], [135.78413, 35.01369, 0.0], [135.78451, 35.01367, 0.0], [135.78462, 35.01373, 0.0], [135.78461, 35.01491, 0.0]]","[135.78314529661014, 35.014250000000004]","[[135.78462, 35.01491], [135.78462, 35.01367], [135.78167, 35.01491], [135.78167, 35.01367]]","['この写真見ると戦国時代になって', '岡崎公園の全体が見える', 'これが岡崎公園の紅葉情報であり、紅葉が早速僕に見られないので、誘っています', '岡崎公園で最も有名な景色は桜が満開する時の風景', 'きれい湖と春の桜を見ることができる。']"
61,"Shōren-in, 青蓮院","[[135.78276515, 35.0081048, 0.0], [135.78270614, 35.00723701, 0.0], [135.78262836, 35.00701512, 0.0], [135.78313529, 35.00688111, 0.0], [135.78358322, 35.00685694, 0.0], [135.78381389, 35.00687452, 0.0], [135.78417867, 35.00697338, 0.0], [135.78453541, 35.00703929, 0.0], [135.78485727, 35.00745451, 0.0], [135.78490824, 35.00771814, 0.0], [135.78485459, 35.00779503, 0.0], [135.78478485, 35.00781261, 0.0], [135.78470707, 35.00781481, 0.0], [135.78456223, 35.00775769, 0.0], [135.78453004, 35.00795321, 0.0], [135.7840097, 35.00793564, 0.0], [135.78400165, 35.00804548, 0.0], [135.78400165, 35.00804548, 0.0], [135.78276515, 35.0081048, 0.0]]","[135.78380632426635, 35.007586325000005]","[[135.78490824, 35.0081048], [135.78490824, 35.00685694], [135.78262836, 35.0081048], [135.78262836, 35.00685694]]","['テーマに近づけると簡単明瞭です。', '青蓮院の名に因んで 『青い光』を基調とした境内のライトアップは溜息が出るほどとても縞麗です幽玄な世界とはまさにこの事だと。', 'いい自然風景', '華頂殿の60面の襖絵，美術館のようです。', '京都東山にある青蓮院門跡は、その庭園がとても素晴らしく', '神秘的な色がさらに引き込まれます。', '東山山際の地形を利用して作られた庭園と、その下に広がる門跡の御座所の建物・襖絵などが残っており、庭園内の散策も楽しめます', '青蓮院の名に因んで 『青い光』を基調とした境内のライトアップは溜息が出るほどとても縞麗です幽玄な世界とはまさにこの事だと。', '華頂殿の60面の襖絵，美術館のようです。']"
62,"Chion-in, 知恩院","[[135.78215, 35.00641, 0.0], [135.78311, 35.0063, 0.0], [135.78323, 35.00675, 0.0], [135.78521, 35.00663, 0.0], [135.78528, 35.0056, 0.0], [135.78504, 35.00458, 0.0], [135.78327, 35.00476, 0.0], [135.7829, 35.00426, 0.0], [135.78254, 35.00391, 0.0], [135.78204, 35.00396, 0.0], [135.78101, 35.00448, 0.0], [135.78146, 35.00488, 0.0], [135.78183, 35.00571, 0.0]]","[135.78340788802268, 35.00524]","[[135.78528, 35.00675], [135.78528, 35.00391], [135.78101, 35.00675], [135.78101, 35.00391]]","['自然風景と安らかな環境', '春のライトアップ', '知恩院三門は日本最大な山門', '外部', '壮大な建物', '知恩院の桜', '内部', '1621（元と7）年に建てられた知恩院の3つの門は日本最大の山門です。山門の高さは24メートル、幅は50メートルです。三門は「空」、「無相」、「不本意」を象徴する仏道修行所の明悟の三則教を示します。迷っている人はこのドアの下を通ってこそ、解放されると言われています。', '山を一瞥することができる', '知恩院には日本最大の鐘があり、重さ74トン、高さ3.3メートルで、17人の僧侶が一生懸命鳴らします。']"
63,"Maruyama Park, 円山公園","[[135.78016, 35.00431, 0.0], [135.78001, 35.00381, 0.0], [135.78006, 35.00344, 0.0], [135.78054, 35.00349, 0.0], [135.7807, 35.00302, 0.0], [135.78141, 35.00294, 0.0], [135.78201, 35.00291, 0.0], [135.78231, 35.00285, 0.0], [135.78243, 35.00286, 0.0], [135.78256, 35.00314, 0.0], [135.78266, 35.00326, 0.0], [135.7828, 35.00332, 0.0], [135.78299, 35.00332, 0.0], [135.78315, 35.00339, 0.0], [135.78315, 35.00362, 0.0], [135.78279, 35.00363, 0.0], [135.7825, 35.00369, 0.0], [135.78223, 35.0038, 0.0], [135.78153, 35.00404, 0.0], [135.78088, 35.00441, 0.0], [135.78073, 35.00415, 0.0]]","[135.78133763513515, 35.003659999999996]","[[135.78315, 35.00441], [135.78315, 35.00285], [135.78001, 35.00441], [135.78001, 35.00285]]","['樱花', '枝垂桜が有名です。現在の枝垂桜は2代目で、代々仁和寺御室御所の造園を担ってきた15代目佐野藤右衛門氏によって1949年（昭和24年）に植えられました。', 'ここには1700本以上の蝦夷山桜があります。春になると、花見客でいっぱいです。', '四季折々の風景が美しいからです。円内は回遊式池泉庭園を中心に、軽食店や茶屋が周囲に点在している。毎年夏の土曜日には野外音楽堂でコンサートがあります。', '标识', '桜の特徴', '京都の大公園であり、近隣住民の憩いの場でもある。一番注目されているのは円山公園内の淡いピンクの枝垂桜です。花びらはピンクで、花をいっぱいつけた枝が風に舞っています。', '大正になると公園に改築された。広い公園の中には、天然記念物に指定された円山原始林のほか、円山野球場、円山運動場、坂下があります。', '小川治兵衛により作られた池泉回遊式の庭園です。園内中央に位置する「ひょうたん池」を囲むように艶やかに楓が紅葉します。池に流れ込む小川のほとりにも、計算された配置に桜や楓が紅葉します。', 'おおよその外観']"
64,"Yasaka Shrine, 八坂神社","[[135.77739, 35.00397, 0.0], [135.7773, 35.00365, 0.0], [135.77727, 35.00342, 0.0], [135.77722, 35.00314, 0.0], [135.7772, 35.00302, 0.0], [135.77727, 35.00277, 0.0], [135.77731, 35.00276, 0.0], [135.77855, 35.00276, 0.0], [135.77874, 35.00277, 0.0], [135.77963, 35.00297, 0.0], [135.78013, 35.00299, 0.0], [135.78065, 35.00293, 0.0], [135.7805, 35.00343, 0.0], [135.77998, 35.00339, 0.0], [135.7799, 35.00385, 0.0], [135.78005, 35.00435, 0.0], [135.77913, 35.00467, 0.0], [135.77872, 35.0047, 0.0], [135.77833, 35.00472, 0.0]]","[135.77862275815215, 35.00375]","[[135.78065, 35.00472], [135.78065, 35.00276], [135.7772, 35.00472], [135.7772, 35.00276]]","['景色が美しく、神社の全体像が見られ、お祭りなどの活動の写真があり、神社の活動を豊かにし、観光客の注目を集めています。', '内部', '上の図には八坂神社の名前が付いています。わかりやすいです。', '上の図は八坂神社の特徴的な建物です。和服を着ている人もいますので。日本の特色があります。', '为了驱散疫情特意准备的茅草轮', '赤い門が、街にたたずむのも美しい風景だった', '巍峨的大门，诉说着八坂神社千百年的历史', '景色が美しく、神社の全体像が見られ、お祭りなどの活動の写真があり、神社の活動を豊かにし、観光客の注目を集めています。', '外部', '八坂神社はほぼ年中グルメの屋台があり、観光客に親しまれている。']"
65,"Kōdaiji Temple, 高台寺","[[135.78116119, 35.00126551, 0.0], [135.78083396, 35.00106117, 0.0], [135.78070521, 35.00051849, 0.0], [135.78185856, 35.00038886, 0.0], [135.78273833, 35.00049652, 0.0], [135.78274369, 35.00074699, 0.0], [135.78228101, 35.0010436, 0.0], [135.78195244, 35.00114906, 0.0], [135.78116119, 35.00126551, 0.0]]","[135.781653478205, 35.00089529500001]","[[135.78274369, 35.00126551], [135.78274369, 35.00038886], [135.78070521, 35.00126551], [135.78070521, 35.00038886]]","['秋天的红叶永远是夜晚最美的一道风景', '高台寺の夜景です。珍しと思います', '昼と夜のコントラストがはっきりしているので、景色の美しさが際立ち、観光客を魅了すると同時に、ツアー時間を増やすことができます。', '秋になると夜のライトアップがあります。とても美しい。', '代表性的建筑，最体现高台寺的端庄', '昼と夜のコントラストがはっきりしているので、景色の美しさが際立ち、観光客を魅了すると同時に、ツアー時間を増やすことができます。', '山の中に隠れているお寺は、風情がある。', '環境が優れていて、建築が特色があり、魅力があります。']"
66,"Ryozen Kannon, 霊山観音","[[135.78132, 35.00038, 0.0], [135.78118, 34.99963, 0.0], [135.78224, 34.99954, 0.0], [135.7823, 35.00016, 0.0]]","[135.7817519107527, 34.999895]","[[135.7823, 35.00038], [135.7823, 34.99954], [135.78118, 35.00038], [135.78118, 34.99954]]","['２４メートル大きな観音像が代表的なもの', '親切な観音さんの目の前に少し立って、心が癒された', '境内案内図で一覧ができる', '静か竹林、騒々しい大都市から少しだげ離れる良い場所です']"
67,"Kyoto Ryozen Gokoku Shrine, 京都霊山護国神社","[[135.78267932, 35.00034931, 0.0], [135.78233331, 34.99945727, 0.0], [135.78283489, 34.99949902, 0.0], [135.78293413, 34.99937378, 0.0], [135.78358859, 34.99925074, 0.0], [135.7837683, 34.9996616, 0.0], [135.7837227, 34.99997799, 0.0], [135.78335524, 35.00019771, 0.0], [135.78267932, 35.00034931, 0.0]]","[135.78310971422115, 34.999819795]","[[135.7837683, 35.00034931], [135.7837683, 34.99925074], [135.78233331, 35.00034931], [135.78233331, 34.99925074]]","['全体の撮影と荘重さを強調する', '維新の志士など有名人のお墓めぐりできる', '近代日本の礎を築いた先覚者祀る', '紅葉を堪能できる', 'テーマに直行するのはてきぱきしている。', '明治維新で活躍した志士達の墓もあります。墓がある高台からは京都市内が一望できました']"
68,"Kiyomizu-dera, 清水寺","[[135.78340352, 34.99620982, 0.0], [135.78318089, 34.99597471, 0.0], [135.78290194, 34.9955067, 0.0], [135.78290194, 34.99431797, 0.0], [135.7838729, 34.9940477, 0.0], [135.78457028, 34.99266559, 0.0], [135.78521132, 34.99251398, 0.0], [135.78567266, 34.99264801, 0.0], [135.78542054, 34.9938895, 0.0], [135.78598112, 34.99501671, 0.0], [135.7857585, 34.99568907, 0.0], [135.7852596, 34.99570005, 0.0], [135.78500211, 34.99615488, 0.0], [135.7847473, 34.99630649, 0.0], [135.78340352, 34.99620982, 0.0]]","[135.78435465628763, 34.99466734]","[[135.78598112, 34.99630649], [135.78598112, 34.99251398], [135.78290194, 34.99630649], [135.78290194, 34.99251398]]","['清水寺正门', 'これは先日清水寺の写真です、写真中の紅葉は秋が来たを予示されでいます', '清水寺の代表的な建物', '日本式部屋を感じできるし、春の桜も見える', '京都の紅葉を観賞する名所', '和服を体験できるし、金阁寺も綺麗', '清水寺には、観音さまの化身である龍が音羽の瀧に夜ごと飛来して水を飲むという伝承があります。\u3000それは歴史を受け継ぐ意味です', '清水寺舞台']"
69,"Nineizaka, 二年坂","[[135.78065, 34.999, 0.0], [135.78069, 34.99797, 0.0], [135.78089, 34.99776, 0.0], [135.78093, 34.99703, 0.0], [135.78117, 34.99706, 0.0], [135.78117, 34.99758, 0.0], [135.78116, 34.99783, 0.0], [135.78102, 34.99802, 0.0], [135.78087, 34.99901, 0.0]]","[135.78080739335098, 34.998509999999996]","[[135.78117, 34.99901], [135.78117, 34.99703], [135.78065, 34.99901], [135.78065, 34.99703]]","['从上往下', '和服を体験して日本式買い物をする。', '清水寺の参道として古くから賑わいをみせてきた二寧坂・産寧坂。その京都らしい風情のある街並みは毎日多くの観光客が訪れる定番のスポットとなっています。', '夕方プラス二年坂の古い建物、人見ると直ぐ惚れた様な景色です', '从下往上', '和食を食べて、昔の日本を感じできる。', 'その京都らしい風情のある街並みは毎日多くの観光客が訪れる定番のスポットとなっています。二寧坂・産寧坂やその周辺には数多くの土産物店や飲食店が並んでいますが、その中でも可愛らしい和雑貨や京都だからこその食べ歩きにぴったりなグルメを楽しみ方と共にご紹介します。', 'あちこちに古い建物で、いきなり江戸時代になった', '道の両脇に京都らしい古い町家の店が軒を連ねますお店をのぞけば、京都のおみやげにぴったりの和雑貨など、思わず足を止めてしまう魅力的な商品が並びます。', '二年坂の北にある高台寺に居を構えた、豊臣秀吉の正妻・ねねも通ったと伝わる歴史ある道には石畳が敷かれ、この写真は京都らしい情緒が漂います。']"
70,"Sanneizaka, 三年坂","[[135.7809, 34.99693, 0.0], [135.78064, 34.99609, 0.0], [135.78148, 34.99574, 0.0], [135.78193, 34.99543, 0.0], [135.78212, 34.99532, 0.0], [135.78292, 34.99532, 0.0], [135.7829, 34.99566, 0.0], [135.78225, 34.99567, 0.0], [135.7816, 34.99608, 0.0], [135.7811, 34.99624, 0.0], [135.78119, 34.99659, 0.0], [135.78121, 34.9969, 0.0]]","[135.78099879464287, 34.996165000000005]","[[135.78292, 34.99693], [135.78292, 34.99532], [135.78064, 34.99693], [135.78064, 34.99532]]",Not matched
71,"Kenninji Temple, 建仁寺","[[135.77298313, 35.00158408, 0.0], [135.77283829, 35.00109193, 0.0], [135.77262372, 35.0011139, 0.0], [135.77256739, 35.00085465, 0.0], [135.77281147, 35.0008151, 0.0], [135.77267736, 35.00034711, 0.0], [135.77260762, 35.0003581, 0.0], [135.77248961, 34.99987473, 0.0], [135.77272028, 34.99979343, 0.0], [135.77270687, 34.99965941, 0.0], [135.77257544, 34.99967698, 0.0], [135.77251107, 34.99949462, 0.0], [135.77225357, 34.99952978, 0.0], [135.77219725, 34.99917384, 0.0], [135.7733801, 34.99899587, 0.0], [135.77345252, 34.99930347, 0.0], [135.77410966, 34.9992815, 0.0], [135.77535152, 34.99921119, 0.0], [135.77538908, 34.99897829, 0.0], [135.77645391, 34.99894533, 0.0], [135.77646732, 34.9992793, 0.0], [135.77592283, 34.99953856, 0.0], [135.77523082, 34.99964622, 0.0], [135.77531666, 35.00003512, 0.0], [135.77490896, 35.00009884, 0.0], [135.77495456, 35.00032734, 0.0], [135.77512354, 35.00029877, 0.0], [135.77519327, 35.00057341, 0.0], [135.77475607, 35.00072282, 0.0], [135.7747373, 35.00082828, 0.0], [135.77447176, 35.00083487, 0.0], [135.77457368, 35.0014215, 0.0], [135.77332914, 35.00159068, 0.0], [135.77330768, 35.00153575, 0.0], [135.77298313, 35.00158408, 0.0]]","[135.77374881947725, 35.000198805]","[[135.77646732, 35.00159068], [135.77646732, 34.99894533], [135.77219725, 35.00159068], [135.77219725, 34.99894533]]","['京都で有名なお寺で、そんなに喧騒ではない。', '京都最古の禅寺。俵屋宗達の「風神雷神図」、海北友松の襖絵などの文化財を豊富に伝える。山内の塔頭としては、桃山時代の池泉回遊式庭園で有名であり、貴重な古籍や漢籍・朝鮮本などの文化財も多数所蔵していることで知られる両足院などがある。また、豊臣秀吉を祀る高台寺や、「八坂の塔」のある法観寺は建仁寺の末寺である。', '日本てきな竜何が中国と違う、見に見たい', '日本の庭は特別な魅力があります', '日本式部屋に入ることができるし、緑の植物がたくさん。', '建仁寺観光の大きな目玉の一つに数えられるのが、法堂内の天井に描かれた双竜の絵です。 大きな2匹の龍の姿が印象的な「双竜図」は、鎌倉にある建長寺法堂内の「雲竜図」を手掛けた小泉淳作によって描かれました。']"
72,"Gion, 祇園","[[135.77152, 35.00492, 0.0], [135.77137, 35.00389, 0.0], [135.77125, 35.00325, 0.0], [135.77688, 35.00257, 0.0], [135.77716, 35.00263, 0.0], [135.77688, 35.00315, 0.0], [135.77696, 35.00361, 0.0], [135.77729, 35.0043, 0.0], [135.7773, 35.00482, 0.0], [135.77728, 35.00499, 0.0]]","[135.77418535326086, 35.00375]","[[135.7773, 35.00499], [135.7773, 35.00257], [135.77125, 35.00499], [135.77125, 35.00257]]","['日本三大祭の一つ、千年以上の歴史を持ち祇園祭を観覧できる', '芸者は江戸時代から祇園に存在し、祇園を代表する存在です。', '八坂神社は祇八坂神社は祇園の代表的な観光スポットです。園の代表的な観光スポットです。', '本物の舞妓さんや芸妓さんを見える', 'この写真は祇園の夜景です。着物も祇園が日本の伝統文化観光地の代表文化です。', '花見小路', '食べ歩きやお土産探しにもおすすめです。約390メートルの細い商店街には、店がずらりと並びます。京都の旬の食材や京つけもの、湯葉、うなぎ、佃煮、かまぼこなどからお茶、お菓子、寿司、豆腐に至るまでさまざまな店舗があります。お土産探しにもぴったりのスポットです。', '祇園白川', '伏見稲荷大社といえば、「千本鳥居」は必見。その美しさが評判を呼び、海外でも有名です。']"
73,"Rengeoin Sanjusangendo, 三十三間堂","[[135.77126384, 34.98904431, 0.0], [135.77120215, 34.98807743, 0.0], [135.77112705, 34.98691936, 0.0], [135.77168763, 34.98692815, 0.0], [135.77224284, 34.98692595, 0.0], [135.77232063, 34.98797635, 0.0], [135.77238232, 34.98883555, 0.0], [135.77237159, 34.98903552, 0.0], [135.77133894, 34.98908166, 0.0], [135.77126384, 34.98904431, 0.0]]","[135.77176156562834, 34.98802689]","[[135.77238232, 34.98908166], [135.77238232, 34.98691936], [135.77112705, 34.98908166], [135.77112705, 34.98691936]]","['神々様も一体一体が生きている感じで、躍動感がさらにエネルギーを吹き込んでくれました', '内部', '京都を訪れたら必ず行って貰いたいのがここです。 圧巻！綺麗ですね', 'フィルターを使うことで、扉が真面目な門番のように見える', '三十三間堂は多くの仏像があることで有名です。', '外部', '1,000体の千手観音立像の国宝がある', 'この図は三十三間堂のお寺のロケです。', '日本一の長さ、120メートルの本堂', 'これらの1001の彫刻と非常に細長い建物、  それはとても独特です。']"
74,"Chishaku-in, 智積院","[[135.77462733, 34.98943764, 0.0], [135.774571, 34.98828179, 0.0], [135.77447981, 34.98764893, 0.0], [135.77456832, 34.98762036, 0.0], [135.77453882, 34.98737424, 0.0], [135.77535689, 34.98722262, 0.0], [135.77538639, 34.98704022, 0.0], [135.77619374, 34.98675455, 0.0], [135.77679187, 34.98666665, 0.0], [135.7772854, 34.98650184, 0.0], [135.7780686, 34.98638537, 0.0], [135.77816516, 34.98658315, 0.0], [135.77850312, 34.98652821, 0.0], [135.77871233, 34.98692156, 0.0], [135.77881157, 34.98690178, 0.0], [135.77913612, 34.98778517, 0.0], [135.77916294, 34.9879324, 0.0], [135.77891082, 34.9881895, 0.0], [135.77876329, 34.98825323, 0.0], [135.7771647, 34.98841804, 0.0], [135.77703863, 34.98856746, 0.0], [135.77712446, 34.98917176, 0.0], [135.77485263, 34.98948159, 0.0], [135.77462733, 34.98943764, 0.0]]","[135.77678802937237, 34.98806095]","[[135.77916294, 34.98948159], [135.77916294, 34.98638537], [135.77447981, 34.98948159], [135.77447981, 34.98638537]]","['自然の風景と古典的な中庭の組み合わせは、緑の美しさを与え、古代の中庭の豪華さを強調しています。', '智積院のもみじは葉の一枚一枚がとても綺麗だと思いました。', '鐘楼の周りは圧巻の光景でした。', '自然の風景と古典的な中庭の組み合わせは、緑の美しさを与え、古代の中庭の豪華さを強調しています。', 'アジサイの花が咲いています。まるで私に手を振っています。盛大な宴会に参加させます。花が大好きです。特に智積院の花は見に行きたいです。', '図の中の建物は代表的で、僧は智積院に象徴されています。智積院に対して粛然とした感じがします。']"
75,"Toyokuni Shrine, 豊国神社","[[135.77147, 34.99229, 0.0], [135.77133, 34.99097, 0.0], [135.77335, 34.99085, 0.0], [135.77334, 34.99106, 0.0], [135.77305, 34.99108, 0.0], [135.77306, 34.99172, 0.0], [135.77258, 34.99175, 0.0], [135.7726, 34.99218, 0.0], [135.77245, 34.99218, 0.0], [135.77248, 34.99241, 0.0], [135.77173, 34.99245, 0.0], [135.7717, 34.99229, 0.0]]","[135.7722153030303, 34.9914]","[[135.77335, 34.99245], [135.77335, 34.99085], [135.77133, 34.99245], [135.77133, 34.99085]]","['豊国神社は豊臣秀吉を祀っていたため、徳川幕府の時代には取り壊されていた社です。今の社殿は明治13年（1880）に建立されたものだが、唐門だけは伏見城の遺構です。境内奥には宝物館があり、太閤ゆかりの遺品などが展示されています。', '国宝として唐門 - 元は南禅寺塔頭金地院にあったもので、豊国神社再建にあたって金地院から移築されました。以心崇伝が寛永4年（1627年）に江戸幕府から二条城の唐門を譲り受けたもので、その前は伏見城にあったとも伝えます。', '豊国神社は豊臣秀吉を祀っていたため、徳川幕府の時代には取り壊されていた社です。今の社殿は明治13年（1880）に建立されたものだが、唐門だけは伏見城の遺構です。境内奥には宝物館があり、太閤ゆかりの遺品などが展示されています。', '国宝として唐門 - 元は南禅寺塔頭金地院にあったもので、豊国神社再建にあたって金地院から移築されました。以心崇伝が寛永4年（1627年）に江戸幕府から二条城の唐門を譲り受けたもので、その前は伏見城にあったとも伝えます。', '寺院の中には、古代の建物「唐門」が保存されています。「唐門」は、中国の建築様式を模した扉で、当時のカラフルな「桃山文化」を表しており、国宝に指定されている。古代の建物を好む方におすすめです。', '歴史的な物語があって、行く価値がある', 'ここは国宝「豊国神社唐門」です。', '阿弥陀ヶ峰山頂の豊国廟です。\t\t', '豊国神社宝物館の数ある所蔵品の中でも、とりわけ目を引くのが重要文化財にも指定されている『豊国祭礼図屏風』。六曲一双のこの大きな屏風は、宝物館入り口を挟んで左隻・右隻がそれぞれ展示されています。桃山絵画の傑作として知られ、教科書に掲載されていることもあるので、目にしたことがあるという方もいらっしゃるかもしれません。', '評判は4がある。行く価値ある']"
76,"Fushimi Inari Taisha, 伏見稲荷大社","[[135.77105, 34.96768, 0.0], [135.77114, 34.96634, 0.0], [135.77363, 34.96644, 0.0], [135.77456, 34.96659, 0.0], [135.77645, 34.96589, 0.0], [135.78104, 34.96512, 0.0], [135.78436, 34.96348, 0.0], [135.78565, 34.96373, 0.0], [135.78625, 34.96464, 0.0], [135.78861, 34.96492, 0.0], [135.7896, 34.96612, 0.0], [135.78879, 34.9671, 0.0], [135.78737, 34.9703, 0.0], [135.78591, 34.97076, 0.0], [135.78531, 34.9715, 0.0], [135.7796, 34.97125, 0.0], [135.77755, 34.9706, 0.0], [135.776, 34.97078, 0.0], [135.77567, 34.96954, 0.0]]","[135.779865395056, 34.96739]","[[135.7896, 34.9715], [135.7896, 34.96348], [135.77105, 34.9715], [135.77105, 34.96348]]","['最常见的游客拍照地点，让人一看就知道是什么景点', 'これは千本鳥居の入り口です。これが伏見稲荷大社のすごいところです。金のある商人を主な信者とし、願い事をさせてもだめだし、神社をどうすることもできないし、万一彼らが発された場合、また願い事をさせても、それが神社の鳥居を買って、稲荷山に建てることになっている。鳥居には大きさの違う規格があって、高さが何メートルもあるし、掌くらいの大きさのものもあって、来たらいくらかお金を払う。後に寄進者が多くなり、千本鳥居の景観が形成されるようになった。', '美しい朱色の鳥居がずら～りと並ぶ，千本鳥居でおなじみの伏見稲荷大社は年中、参拝者や観光客で賑わう京都のパワースポットのひとつです。', 'これは大きな赤い鳥居で、日本の鳥居は中国の鳥居に相当し、鳥居を抜けると神の領域であることを示しています。鳥はこのような大きな建物に落ちていくのが好きなのかもしれないから、鳥居と名づけたのだろう', 'これは大きな赤い鳥居で、日本の鳥居は中国の鳥居に相当し、鳥居を抜けると神の領域であることを示しています。鳥はこのような大きな建物に落ちていくのが好きなのかもしれないから、鳥居と名づけたのだろう', '伏見稲荷大社では、境内のあらゆる所で様々なきつねに出会います。よく見ると鍵や玉などいろいろな物をくわえています。 巻き物は知恵の象徴、稲穂をくわえているのは稲荷大神が穀物・農業の神であるため、豊作を祈ったものということです。', 'これは千本鳥居の入り口です。これが伏見稲荷大社のすごいところです。金のある商人を主な信者とし、願い事をさせてもだめだし、神社をどうすることもできないし、万一彼らが発された場合、また願い事をさせても、それが神社の鳥居を買って、稲荷山に建てることになっている。鳥居には大きさの違う規格があって、高さが何メートルもあるし、掌くらいの大きさのものもあって、来たらいくらかお金を払う。後に寄進者が多くなり、千本鳥居の景観が形成されるようになった。', '千本鸟居内部', '入口']"
77,"Tōfuku-ji, 東福寺","[[135.77282757, 34.97914208, 0.0], [135.77286512, 34.97836849, 0.0], [135.77297777, 34.97823443, 0.0], [135.7729885, 34.97759709, 0.0], [135.77287585, 34.97734654, 0.0], [135.77278465, 34.97537734, 0.0], [135.77341765, 34.97534657, 0.0], [135.7734257, 34.97523888, 0.0], [135.77454686, 34.97519492, 0.0], [135.77497333, 34.97580591, 0.0], [135.77601135, 34.97585646, 0.0], [135.77748656, 34.97564108, 0.0], [135.77755094, 34.97604107, 0.0], [135.7771486, 34.97628942, 0.0], [135.77682406, 34.97625206, 0.0], [135.77626079, 34.97653118, 0.0], [135.77629298, 34.97674216, 0.0], [135.77630103, 34.97706084, 0.0], [135.77624738, 34.97715314, 0.0], [135.77638417, 34.97755533, 0.0], [135.77620447, 34.97784763, 0.0], [135.77570826, 34.97783224, 0.0], [135.77462733, 34.97844761, 0.0], [135.77393264, 34.97899484, 0.0], [135.77393532, 34.97913988, 0.0], [135.77282757, 34.97914208, 0.0]]","[135.77457582021347, 34.97724984]","[[135.77755094, 34.97914208], [135.77755094, 34.97519492], [135.77278465, 34.97914208], [135.77278465, 34.97519492]]","['夜晚的景点配合灯光很漂亮', '東福寺の建築も有名だ', '古典画作中的景观别有特色']"
78,"Toji, 東寺","[[135.74627906, 34.98234406, 0.0], [135.74629784, 34.97944756, 0.0], [135.74900419, 34.97949591, 0.0], [135.74910343, 34.97959481, 0.0], [135.74911684, 34.98215067, 0.0], [135.74891567, 34.98214848, 0.0], [135.74891299, 34.98300334, 0.0], [135.74773282, 34.98299675, 0.0], [135.74773282, 34.98233527, 0.0], [135.74627906, 34.98234406, 0.0]]","[135.74769936796656, 34.980871645]","[[135.74911684, 34.98300334], [135.74911684, 34.97944756], [135.74627906, 34.98300334], [135.74627906, 34.97944756]]","['東寺は教王護国寺とも呼ばれ、日本の京南駅の西南に位置し、歩いて10分で着きます。東寺はユネスコが定めた世界文化遺産です。東寺の五重塔は56.4メートルで、1644年に徳川家光が再建され、日本一の高塔とされています。', '白天', '1-東寺で一番高いタワーは遠いところで見られます。現場はとても迫力があり、とても美しいです。夜には照明の下で感嘆させられます。', '東寺の主な建築金堂、五重塔は全部初建時代の原物ではないですが、全部日本の国宝です。これらは古代建築の国宝として多くの彫刻絵画類の国宝を保存しています。 その中で講堂の中で配置する立体の曼荼羅の彫塑の群像は最も有名です。', '2-東寺の中の小さい池はとても素晴らしい景観です。夜になると照明が明るくなり、水面の景色がとても綺麗で、木の影を水面に映してくれて、心が晴々とします。', '毎月21日に東寺でビッグフリーマーケット（Kbo-san市場）が開かれ、日本各地からの供給者を集めています。手作りの工芸品、アンティークの服と家具、子供のおもちゃ、植物と食べ物が多いです。', '2000年11月、中国仏教教育代表団が日本を訪問し、11月13日にわざわざ東寺を訪問しました。各山会の宗務総長は代表団が東寺に到着する前に趙朴初会長追悼法会を行い、代表団の一行を心から歓迎しました。新世紀に入り、真言宗は「各山会」代表団を組織して中国を訪問し、一連の友好交流活動を開始すると表明しました。これらの活動は中日仏教界の相互理解と友好交流をいっそう促進するのに役立つであろう。', '晚上']"
79,"Higashi Honganji, 東本願寺","[[135.75715005, 34.99322811, 0.0], [135.7572332, 34.9899826, 0.0], [135.75741291, 34.9899826, 0.0], [135.75743437, 34.98989251, 0.0], [135.75830877, 34.98989471, 0.0], [135.7583034, 34.9895585, 0.0], [135.75953186, 34.9895607, 0.0], [135.75958282, 34.9899035, 0.0], [135.75956136, 34.99317537, 0.0], [135.75948626, 34.9932325, 0.0], [135.75715005, 34.99322811, 0.0]]","[135.75838206559678, 34.991578985000004]","[[135.75958282, 34.9932325], [135.75958282, 34.9895585], [135.75715005, 34.9932325], [135.75715005, 34.9895585]]","['古いお寺を夜景の形で飾っています。', '東本本願寺は、最も象徴的な建物です。', '外部', '御影堂', '内部', '現代建築と古代寺院の対比で時代の変遷を表現しています。', '東本本願寺の全体像図は、観光客がより良いルートを計画します。', '大師堂は中国の仏寺の大雄宝殿に相当して、南北76メートル、東西58メートル、高さは奈良の東大寺に次いで、京最大の木造建築で、世界最大の木造建築の一つです。', '大師堂は中国の仏寺の大雄宝殿に相当して、南北76メトル、東西58メトル、高さは奈良の東大寺に次いで、京最大の木造建築で、世界最大の木造建築の一つです。', '真宗本廟']"
80,"Kyoto Aquarium, 京都水族館","[[135.74665, 34.9878, 0.0], [135.74668, 34.98715, 0.0], [135.74783, 34.98731, 0.0], [135.74896, 34.98731, 0.0], [135.74896, 34.98779, 0.0]]","[135.74781076923077, 34.98755]","[[135.74896, 34.9878], [135.74896, 34.98715], [135.74665, 34.9878], [135.74665, 34.98715]]","['同館によると、展示数としては西日本最大規模という', '地球で色んな生き物があるんや、ここで沢山海中に生き物がいます、子供達に勉強するいい場所です', '西日本最多※1の20種以上、約5,000匹のクラゲを展示する新エリア「クラゲワンダー」', '京都水族館では、展示だけにとどまらず、遊びながら学べるプログラムを実施。水と、水に棲(す)むいきものたちと親しめる、そんな総合エデュテインメント型施設をめざしています。', '規模が大きくて、魚の種類がたくさん、海水がきれい。', '曜日別に海豚、海豹、鮫の演劇があり、驚くほど面白い。', 'イルカパフォーマンスが見える水族館', 'ペンギンが可愛い。']"
81,"Kyoto Tower, 京都タワー","[[135.75913, 34.98773, 0.0], [135.75914, 34.9874, 0.0], [135.75954, 34.98741, 0.0], [135.75952, 34.98773, 0.0]]","[135.75933242424242, 34.98757]","[[135.75954, 34.98773], [135.75954, 34.9874], [135.75913, 34.98773], [135.75913, 34.9874]]","['日本は地震帯にあり、台風が盛んな地域でもあるため、京都タワーは設計において、普通の建物の倍以上の安全係数を使い、風速50メートルの台風と阪神大震災の洗礼を無事に過ごしました。', '京都市自体は海に面していませんが、京都タワーは独特に灯台の形を取り入れています。京都タワーができた時代は、ほとんどの塔状の建物が鉄骨のトラス構造（例えばパリのエッフェル塔）であったが、京都タワーは独特に閉鎖的なデザインを採用していて、厚さ12から22センチの特殊鋼板の間にできた円筒状の溶接でできていて、本体の高さ100メートル、重さ約800トンの塔の中には全く力を受けない構造であった。', '晚上', '白天']"
82,"Daigoji, 醍醐寺","[[135.81792623, 34.95294794, 0.0], [135.81809253, 34.95164648, 0.0], [135.81889719, 34.95153875, 0.0], [135.81848413, 34.94925894, 0.0], [135.81992447, 34.9490325, 0.0], [135.82011759, 34.94927653, 0.0], [135.82032412, 34.94940624, 0.0], [135.82038045, 34.94954035, 0.0], [135.82138091, 34.94988112, 0.0], [135.82181275, 34.94987892, 0.0], [135.82244307, 34.95025486, 0.0], [135.82278639, 34.9503406, 0.0], [135.82301706, 34.95056044, 0.0], [135.82328796, 34.9506264, 0.0], [135.82348645, 34.9507627, 0.0], [135.82451642, 34.95067037, 0.0], [135.82536131, 34.95071653, 0.0], [135.82567513, 34.95095177, 0.0], [135.82567513, 34.95185313, 0.0], [135.82496971, 34.95308424, 0.0], [135.82422405, 34.95317438, 0.0], [135.82397997, 34.95324033, 0.0], [135.82261205, 34.95305346, 0.0], [135.82243234, 34.95265555, 0.0], [135.82233846, 34.95211035, 0.0], [135.82031608, 34.95235657, 0.0], [135.8205387, 34.95349094, 0.0], [135.81949532, 34.95364703, 0.0], [135.81940144, 34.95302049, 0.0], [135.81902325, 34.95301389, 0.0], [135.81909299, 34.95350413, 0.0], [135.81885695, 34.95352832, 0.0], [135.81877381, 34.95301829, 0.0], [135.81841171, 34.95304907, 0.0], [135.81842244, 34.9529985, 0.0], [135.81792623, 34.95294794, 0.0]]","[135.82225957248187, 34.95124526]","[[135.82567513, 34.95364703], [135.82567513, 34.9490325], [135.81792623, 34.95364703], [135.81792623, 34.9490325]]",Not matched
83,"Byodoin, 平等院","[[135.8066529, 34.89064142, 0.0], [135.80663413, 34.89057322, 0.0], [135.80666095, 34.89019261, 0.0], [135.80664486, 34.88953478, 0.0], [135.80656171, 34.88946218, 0.0], [135.80659658, 34.88892535, 0.0], [135.80673337, 34.88836652, 0.0], [135.80731004, 34.88850293, 0.0], [135.80767214, 34.88852053, 0.0], [135.80851972, 34.88869434, 0.0], [135.8084473, 34.88925317, 0.0], [135.8084017, 34.88938958, 0.0], [135.80820858, 34.88957438, 0.0], [135.80806106, 34.8899154, 0.0], [135.80789208, 34.89021241, 0.0], [135.80773383, 34.89034661, 0.0], [135.80761313, 34.89043022, 0.0], [135.80673605, 34.89071183, 0.0], [135.8066529, 34.89064142, 0.0]]","[135.80743730786043, 34.889554579999995]","[[135.80851972, 34.89071183], [135.80851972, 34.88836652], [135.80656171, 34.89071183], [135.80656171, 34.88836652]]",Not matched
84,"Kōshō-ji, 仏徳山 興聖寺","[[135.81314, 34.89081, 0.0], [135.81247, 34.88941, 0.0], [135.81348, 34.88911, 0.0], [135.81433, 34.89028, 0.0]]","[135.8133460764652, 34.889844999999994]","[[135.81433, 34.89081], [135.81433, 34.88911], [135.81247, 34.89081], [135.81247, 34.88911]]",Not matched
85,"Mimuroto Temple, 明星山 三室戸寺","[[135.81852, 34.90103, 0.0], [135.81814, 34.90025, 0.0], [135.81895, 34.8998, 0.0], [135.81988, 34.90013, 0.0], [135.82016, 34.90039, 0.0]]","[135.81885205128205, 34.900710000000004]","[[135.82016, 34.90103], [135.82016, 34.8998], [135.81814, 34.90103], [135.81814, 34.8998]]",Not matched
86,"Manpuku-ji, 萬福寺","[[135.8037883, 34.91636721, 0.0], [135.80344766, 34.91543686, 0.0], [135.80364078, 34.91537968, 0.0], [135.80433547, 34.91507176, 0.0], [135.80458224, 34.91490021, 0.0], [135.8047244, 34.91477924, 0.0], [135.8050248, 34.91421618, 0.0], [135.80509454, 34.91398744, 0.0], [135.80512941, 34.91351896, 0.0], [135.8052662, 34.91297789, 0.0], [135.80549955, 34.91221027, 0.0], [135.80572218, 34.91178577, 0.0], [135.80712765, 34.91192214, 0.0], [135.80716252, 34.91259298, 0.0], [135.80767751, 34.91258858, 0.0], [135.80771238, 34.91286352, 0.0], [135.80847949, 34.91291631, 0.0], [135.80835611, 34.91321543, 0.0], [135.80866724, 34.9137763, 0.0], [135.80863237, 34.91393246, 0.0], [135.80836415, 34.91451311, 0.0], [135.80744684, 34.91519713, 0.0], [135.80626667, 34.91594492, 0.0], [135.80569535, 34.91598891, 0.0], [135.80450445, 34.91630342, 0.0], [135.8039546, 34.91641339, 0.0], [135.8037883, 34.91636721, 0.0]]","[135.80680690602685, 34.91410181]","[[135.80866724, 34.91641339], [135.80866724, 34.91178577], [135.80344766, 34.91641339], [135.80344766, 34.91178577]]",Not matched
87,"Goou Jinja Shinto Shrine, 護王神社","[[135.7586, 35.02231, 0.0], [135.7586, 35.02192, 0.0], [135.75924, 35.02191, 0.0], [135.75923, 35.0223, 0.0]]","[135.75891743589744, 35.02211]","[[135.75924, 35.02231], [135.75924, 35.02191], [135.7586, 35.02231], [135.7586, 35.02191]]",Not matched
88,"Kawaramachi Street, 河原町","[[135.77151, 35.01061, 0.0], [135.77162, 35.00808, 0.0], [135.77162, 35.00645, 0.0], [135.77149, 35.00492, 0.0], [135.77132, 35.00379, 0.0], [135.77104, 35.003, 0.0], [135.77065, 35.00248, 0.0], [135.75988, 35.00246, 0.0], [135.7598, 35.01065, 0.0]]","[135.76572653235655, 35.007265000000004]","[[135.77162, 35.01065], [135.77162, 35.00246], [135.7598, 35.01065], [135.7598, 35.00246]]",Not matched
89,"Mibudera Temple, 壬生寺","[[135.74303091, 35.00173568, 0.0], [135.74304432, 35.00127869, 0.0], [135.74365854, 35.0012699, 0.0], [135.74366391, 35.00151378, 0.0], [135.74439347, 35.00150499, 0.0], [135.7444042, 35.00182357, 0.0], [135.7438463, 35.00184774, 0.0], [135.74384093, 35.00201911, 0.0], [135.74332595, 35.0020235, 0.0], [135.74332327, 35.00175106, 0.0], [135.74303091, 35.00173568, 0.0]]","[135.74371583433276, 35.00162473]","[[135.7444042, 35.0020235], [135.7444042, 35.0012699], [135.74303091, 35.0020235], [135.74303091, 35.0012699]]","['壬生寺は日本京都市中京区壬生梛宮町にあります。通称壬生地蔵、宝柱三昧院（寺）、地蔵院、心浄光院。日本の律宗に属する。中世以来、京地蔵信仰の中心として有名です。', '1-壬生寺の門はとても綺麗で、入り口からは違った世界に来たようです。歴史と文化があるところで、憧れています。', '当寺では毎年4月に行われる大念仏会で壬生狂言と呼ばれ、嵯峨清涼山、千本閻魔堂の念仏会とともに京三大狂言と呼ばれています。', '2-壬生寺の中には石像や祈願の場所もありますが、人々はここで福を祈り、自分に幸運をもたらすと同時に願いをここに託して、風景にもなりました。']"
90,"Shōgo-in Monzeki, 聖護院","[[135.78009367, 35.01956972, 0.0], [135.78002125, 35.01857904, 0.0], [135.78036726, 35.01857465, 0.0], [135.78038603, 35.01871743, 0.0], [135.78151792, 35.01869546, 0.0], [135.78152865, 35.01888657, 0.0], [135.78162521, 35.01889316, 0.0], [135.78165203, 35.01930393, 0.0], [135.78127116, 35.01933249, 0.0], [135.78133017, 35.0199036, 0.0], [135.78064084, 35.01995632, 0.0], [135.78059256, 35.01954995, 0.0], [135.78009367, 35.01956972, 0.0]]","[135.7808489232465, 35.019098545]","[[135.78165203, 35.01995632], [135.78165203, 35.01857465], [135.78002125, 35.01995632], [135.78002125, 35.01857465]]",Not matched
